,公司名称,投资方,更新时间,融资轮次,行业,详情URL
0,一起作业网,教育,2018-03-07,E轮,今日头条,http://www.cyzone.cn/r/20150704/359.html
1,中联利信,企业服务,2018-03-07,天使轮,钟鼎创投仲唐投资天津德雅,http://www.cyzone.cn/r/20180307/64314.html
2,媒管家,大数据,2018-03-07,天使轮,原链资本,http://www.cyzone.cn/r/20180307/64319.html
3,外教易,教育,2018-03-07,天使轮,创新工场,http://www.cyzone.cn/r/20180307/64318.html
4,块连线,文体娱乐,2018-03-07,种子轮,Tokenup,http://www.cyzone.cn/r/20180307/64317.html
5,灿谷金服,金融支付,2018-03-07,战略投资,腾讯产业共赢基金海通国际泰合资本・・・・,http://www.cyzone.cn/r/20180307/64315.html
6,辰天科技,人工智能,2018-03-07,并购,速感科技,http://www.cyzone.cn/r/20180307/64301.html
7,凯叔讲故事,教育,2018-03-07,B+轮,微影资本正心谷创新资本上海坤言投资・・・・,http://www.cyzone.cn/r/20160125/18995.html
8,节卡机器人,人工智能,2018-03-07,A+轮,方广资本,http://www.cyzone.cn/r/20180307/64299.html
9,鼎家网络,房产,2018-03-06,天使轮,筑家投资,http://www.cyzone.cn/r/20180307/64304.html
10,聪明核桃教育,教育,2018-03-06,Pre-A,XVC创投嘉程资本山行资本,http://www.cyzone.cn/r/20180307/64308.html
11,声影动漫,游戏动漫,2018-03-06,A轮,今日头条,http://www.cyzone.cn/r/20170315/49982.html
12,展卷科技,交通出行,2018-03-06,A轮,摩拜单车,http://www.cyzone.cn/r/20180306/64267.html
13,睿帆科技,大数据,2018-03-06,战略投资,佳都科技,http://www.cyzone.cn/r/20180307/64300.html
14,企企通,企业服务,2018-03-06,B轮,网信集团昆仲资本和盟创投,http://www.cyzone.cn/r/20160127/19153.html
15,绿橙国际,教育,2018-03-06,A轮,鼎晖投资,http://www.cyzone.cn/r/20180307/64294.html
16,中农互联,大数据,2018-03-06,天使轮,未披露,http://www.cyzone.cn/r/20180307/64296.html
17,麦思威尔,智能制造,2018-03-06,A轮,永柏资本,http://www.cyzone.cn/r/20180307/64295.html
18,史河科技,硬件,2018-03-06,天使轮,熊猫资本老鹰基金,http://www.cyzone.cn/r/20160907/43565.html
19,漫游宝,硬件,2018-03-06,C轮,集富亚洲金沙江创投伟高达创投・・・・,http://www.cyzone.cn/r/20180307/64297.html
20,一起作业网,教育,2018-03-07,E轮,今日头条,http://www.cyzone.cn/r/20150704/359.html
21,中联利信,企业服务,2018-03-07,天使轮,钟鼎创投仲唐投资天津德雅,http://www.cyzone.cn/r/20180307/64314.html
22,媒管家,大数据,2018-03-07,天使轮,原链资本,http://www.cyzone.cn/r/20180307/64319.html
23,外教易,教育,2018-03-07,天使轮,创新工场,http://www.cyzone.cn/r/20180307/64318.html
24,块连线,文体娱乐,2018-03-07,种子轮,Tokenup,http://www.cyzone.cn/r/20180307/64317.html
25,灿谷金服,金融支付,2018-03-07,战略投资,腾讯产业共赢基金海通国际泰合资本・・・・,http://www.cyzone.cn/r/20180307/64315.html
26,辰天科技,人工智能,2018-03-07,并购,速感科技,http://www.cyzone.cn/r/20180307/64301.html
27,凯叔讲故事,教育,2018-03-07,B+轮,微影资本正心谷创新资本上海坤言投资・・・・,http://www.cyzone.cn/r/20160125/18995.html
28,节卡机器人,人工智能,2018-03-07,A+轮,方广资本,http://www.cyzone.cn/r/20180307/64299.html
29,鼎家网络,房产,2018-03-06,天使轮,筑家投资,http://www.cyzone.cn/r/20180307/64304.html
30,聪明核桃教育,教育,2018-03-06,Pre-A,XVC创投嘉程资本山行资本,http://www.cyzone.cn/r/20180307/64308.html
31,声影动漫,游戏动漫,2018-03-06,A轮,今日头条,http://www.cyzone.cn/r/20170315/49982.html
32,展卷科技,交通出行,2018-03-06,A轮,摩拜单车,http://www.cyzone.cn/r/20180306/64267.html
33,睿帆科技,大数据,2018-03-06,战略投资,佳都科技,http://www.cyzone.cn/r/20180307/64300.html
34,企企通,企业服务,2018-03-06,B轮,网信集团昆仲资本和盟创投,http://www.cyzone.cn/r/20160127/19153.html
35,绿橙国际,教育,2018-03-06,A轮,鼎晖投资,http://www.cyzone.cn/r/20180307/64294.html
36,中农互联,大数据,2018-03-06,天使轮,未披露,http://www.cyzone.cn/r/20180307/64296.html
37,麦思威尔,智能制造,2018-03-06,A轮,永柏资本,http://www.cyzone.cn/r/20180307/64295.html
38,史河科技,硬件,2018-03-06,天使轮,熊猫资本老鹰基金,http://www.cyzone.cn/r/20160907/43565.html
39,漫游宝,硬件,2018-03-06,C轮,集富亚洲金沙江创投伟高达创投・・・・,http://www.cyzone.cn/r/20180307/64297.html
40,一起作业网,教育,2018-03-07,E轮,今日头条,http://www.cyzone.cn/r/20150704/359.html
41,中联利信,企业服务,2018-03-07,天使轮,钟鼎创投仲唐投资天津德雅,http://www.cyzone.cn/r/20180307/64314.html
42,媒管家,大数据,2018-03-07,天使轮,原链资本,http://www.cyzone.cn/r/20180307/64319.html
43,外教易,教育,2018-03-07,天使轮,创新工场,http://www.cyzone.cn/r/20180307/64318.html
44,块连线,文体娱乐,2018-03-07,种子轮,Tokenup,http://www.cyzone.cn/r/20180307/64317.html
45,灿谷金服,金融支付,2018-03-07,战略投资,腾讯产业共赢基金海通国际泰合资本・・・・,http://www.cyzone.cn/r/20180307/64315.html
46,辰天科技,人工智能,2018-03-07,并购,速感科技,http://www.cyzone.cn/r/20180307/64301.html
47,凯叔讲故事,教育,2018-03-07,B+轮,微影资本正心谷创新资本上海坤言投资・・・・,http://www.cyzone.cn/r/20160125/18995.html
48,节卡机器人,人工智能,2018-03-07,A+轮,方广资本,http://www.cyzone.cn/r/20180307/64299.html
49,鼎家网络,房产,2018-03-06,天使轮,筑家投资,http://www.cyzone.cn/r/20180307/64304.html
50,聪明核桃教育,教育,2018-03-06,Pre-A,XVC创投嘉程资本山行资本,http://www.cyzone.cn/r/20180307/64308.html
51,声影动漫,游戏动漫,2018-03-06,A轮,今日头条,http://www.cyzone.cn/r/20170315/49982.html
52,展卷科技,交通出行,2018-03-06,A轮,摩拜单车,http://www.cyzone.cn/r/20180306/64267.html
53,睿帆科技,大数据,2018-03-06,战略投资,佳都科技,http://www.cyzone.cn/r/20180307/64300.html
54,企企通,企业服务,2018-03-06,B轮,网信集团昆仲资本和盟创投,http://www.cyzone.cn/r/20160127/19153.html
55,绿橙国际,教育,2018-03-06,A轮,鼎晖投资,http://www.cyzone.cn/r/20180307/64294.html
56,中农互联,大数据,2018-03-06,天使轮,未披露,http://www.cyzone.cn/r/20180307/64296.html
57,麦思威尔,智能制造,2018-03-06,A轮,永柏资本,http://www.cyzone.cn/r/20180307/64295.html
58,史河科技,硬件,2018-03-06,天使轮,熊猫资本老鹰基金,http://www.cyzone.cn/r/20160907/43565.html
59,漫游宝,硬件,2018-03-06,C轮,集富亚洲金沙江创投伟高达创投・・・・,http://www.cyzone.cn/r/20180307/64297.html
60,一起作业网,教育,2018-03-07,E轮,今日头条,http://www.cyzone.cn/r/20150704/359.html
61,中联利信,企业服务,2018-03-07,天使轮,钟鼎创投仲唐投资天津德雅,http://www.cyzone.cn/r/20180307/64314.html
62,媒管家,大数据,2018-03-07,天使轮,原链资本,http://www.cyzone.cn/r/20180307/64319.html
63,外教易,教育,2018-03-07,天使轮,创新工场,http://www.cyzone.cn/r/20180307/64318.html
64,块连线,文体娱乐,2018-03-07,种子轮,Tokenup,http://www.cyzone.cn/r/20180307/64317.html
65,灿谷金服,金融支付,2018-03-07,战略投资,腾讯产业共赢基金海通国际泰合资本・・・・,http://www.cyzone.cn/r/20180307/64315.html
66,辰天科技,人工智能,2018-03-07,并购,速感科技,http://www.cyzone.cn/r/20180307/64301.html
67,凯叔讲故事,教育,2018-03-07,B+轮,微影资本正心谷创新资本上海坤言投资・・・・,http://www.cyzone.cn/r/20160125/18995.html
68,节卡机器人,人工智能,2018-03-07,A+轮,方广资本,http://www.cyzone.cn/r/20180307/64299.html
69,鼎家网络,房产,2018-03-06,天使轮,筑家投资,http://www.cyzone.cn/r/20180307/64304.html
70,聪明核桃教育,教育,2018-03-06,Pre-A,XVC创投嘉程资本山行资本,http://www.cyzone.cn/r/20180307/64308.html
71,声影动漫,游戏动漫,2018-03-06,A轮,今日头条,http://www.cyzone.cn/r/20170315/49982.html
72,展卷科技,交通出行,2018-03-06,A轮,摩拜单车,http://www.cyzone.cn/r/20180306/64267.html
73,睿帆科技,大数据,2018-03-06,战略投资,佳都科技,http://www.cyzone.cn/r/20180307/64300.html
74,企企通,企业服务,2018-03-06,B轮,网信集团昆仲资本和盟创投,http://www.cyzone.cn/r/20160127/19153.html
75,绿橙国际,教育,2018-03-06,A轮,鼎晖投资,http://www.cyzone.cn/r/20180307/64294.html
76,中农互联,大数据,2018-03-06,天使轮,未披露,http://www.cyzone.cn/r/20180307/64296.html
77,麦思威尔,智能制造,2018-03-06,A轮,永柏资本,http://www.cyzone.cn/r/20180307/64295.html
78,史河科技,硬件,2018-03-06,天使轮,熊猫资本老鹰基金,http://www.cyzone.cn/r/20160907/43565.html
79,漫游宝,硬件,2018-03-06,C轮,集富亚洲金沙江创投伟高达创投・・・・,http://www.cyzone.cn/r/20180307/64297.html
80,一起作业网,教育,2018-03-07,E轮,今日头条,http://www.cyzone.cn/r/20150704/359.html
81,中联利信,企业服务,2018-03-07,天使轮,钟鼎创投仲唐投资天津德雅,http://www.cyzone.cn/r/20180307/64314.html
82,媒管家,大数据,2018-03-07,天使轮,原链资本,http://www.cyzone.cn/r/20180307/64319.html
83,外教易,教育,2018-03-07,天使轮,创新工场,http://www.cyzone.cn/r/20180307/64318.html
84,块连线,文体娱乐,2018-03-07,种子轮,Tokenup,http://www.cyzone.cn/r/20180307/64317.html
85,灿谷金服,金融支付,2018-03-07,战略投资,腾讯产业共赢基金海通国际泰合资本・・・・,http://www.cyzone.cn/r/20180307/64315.html
86,辰天科技,人工智能,2018-03-07,并购,速感科技,http://www.cyzone.cn/r/20180307/64301.html
87,凯叔讲故事,教育,2018-03-07,B+轮,微影资本正心谷创新资本上海坤言投资・・・・,http://www.cyzone.cn/r/20160125/18995.html
88,节卡机器人,人工智能,2018-03-07,A+轮,方广资本,http://www.cyzone.cn/r/20180307/64299.html
89,鼎家网络,房产,2018-03-06,天使轮,筑家投资,http://www.cyzone.cn/r/20180307/64304.html
90,聪明核桃教育,教育,2018-03-06,Pre-A,XVC创投嘉程资本山行资本,http://www.cyzone.cn/r/20180307/64308.html
91,声影动漫,游戏动漫,2018-03-06,A轮,今日头条,http://www.cyzone.cn/r/20170315/49982.html
92,展卷科技,交通出行,2018-03-06,A轮,摩拜单车,http://www.cyzone.cn/r/20180306/64267.html
93,睿帆科技,大数据,2018-03-06,战略投资,佳都科技,http://www.cyzone.cn/r/20180307/64300.html
94,企企通,企业服务,2018-03-06,B轮,网信集团昆仲资本和盟创投,http://www.cyzone.cn/r/20160127/19153.html
95,绿橙国际,教育,2018-03-06,A轮,鼎晖投资,http://www.cyzone.cn/r/20180307/64294.html
96,中农互联,大数据,2018-03-06,天使轮,未披露,http://www.cyzone.cn/r/20180307/64296.html
97,麦思威尔,智能制造,2018-03-06,A轮,永柏资本,http://www.cyzone.cn/r/20180307/64295.html
98,史河科技,硬件,2018-03-06,天使轮,熊猫资本老鹰基金,http://www.cyzone.cn/r/20160907/43565.html
99,漫游宝,硬件,2018-03-06,C轮,集富亚洲金沙江创投伟高达创投・・・・,http://www.cyzone.cn/r/20180307/64297.html
100,一起作业网,教育,2018-03-07,E轮,今日头条,http://www.cyzone.cn/r/20150704/359.html
101,中联利信,企业服务,2018-03-07,天使轮,钟鼎创投仲唐投资天津德雅,http://www.cyzone.cn/r/20180307/64314.html
102,媒管家,大数据,2018-03-07,天使轮,原链资本,http://www.cyzone.cn/r/20180307/64319.html
103,外教易,教育,2018-03-07,天使轮,创新工场,http://www.cyzone.cn/r/20180307/64318.html
104,块连线,文体娱乐,2018-03-07,种子轮,Tokenup,http://www.cyzone.cn/r/20180307/64317.html
105,灿谷金服,金融支付,2018-03-07,战略投资,腾讯产业共赢基金海通国际泰合资本・・・・,http://www.cyzone.cn/r/20180307/64315.html
106,辰天科技,人工智能,2018-03-07,并购,速感科技,http://www.cyzone.cn/r/20180307/64301.html
107,凯叔讲故事,教育,2018-03-07,B+轮,微影资本正心谷创新资本上海坤言投资・・・・,http://www.cyzone.cn/r/20160125/18995.html
108,节卡机器人,人工智能,2018-03-07,A+轮,方广资本,http://www.cyzone.cn/r/20180307/64299.html
109,鼎家网络,房产,2018-03-06,天使轮,筑家投资,http://www.cyzone.cn/r/20180307/64304.html
110,聪明核桃教育,教育,2018-03-06,Pre-A,XVC创投嘉程资本山行资本,http://www.cyzone.cn/r/20180307/64308.html
111,声影动漫,游戏动漫,2018-03-06,A轮,今日头条,http://www.cyzone.cn/r/20170315/49982.html
112,展卷科技,交通出行,2018-03-06,A轮,摩拜单车,http://www.cyzone.cn/r/20180306/64267.html
113,睿帆科技,大数据,2018-03-06,战略投资,佳都科技,http://www.cyzone.cn/r/20180307/64300.html
114,企企通,企业服务,2018-03-06,B轮,网信集团昆仲资本和盟创投,http://www.cyzone.cn/r/20160127/19153.html
115,绿橙国际,教育,2018-03-06,A轮,鼎晖投资,http://www.cyzone.cn/r/20180307/64294.html
116,中农互联,大数据,2018-03-06,天使轮,未披露,http://www.cyzone.cn/r/20180307/64296.html
117,麦思威尔,智能制造,2018-03-06,A轮,永柏资本,http://www.cyzone.cn/r/20180307/64295.html
118,史河科技,硬件,2018-03-06,天使轮,熊猫资本老鹰基金,http://www.cyzone.cn/r/20160907/43565.html
119,漫游宝,硬件,2018-03-06,C轮,集富亚洲金沙江创投伟高达创投・・・・,http://www.cyzone.cn/r/20180307/64297.html
120,一起作业网,教育,2018-03-07,E轮,今日头条,http://www.cyzone.cn/r/20150704/359.html
121,中联利信,企业服务,2018-03-07,天使轮,钟鼎创投仲唐投资天津德雅,http://www.cyzone.cn/r/20180307/64314.html
122,媒管家,大数据,2018-03-07,天使轮,原链资本,http://www.cyzone.cn/r/20180307/64319.html
123,外教易,教育,2018-03-07,天使轮,创新工场,http://www.cyzone.cn/r/20180307/64318.html
124,块连线,文体娱乐,2018-03-07,种子轮,Tokenup,http://www.cyzone.cn/r/20180307/64317.html
125,灿谷金服,金融支付,2018-03-07,战略投资,腾讯产业共赢基金海通国际泰合资本・・・・,http://www.cyzone.cn/r/20180307/64315.html
126,辰天科技,人工智能,2018-03-07,并购,速感科技,http://www.cyzone.cn/r/20180307/64301.html
127,凯叔讲故事,教育,2018-03-07,B+轮,微影资本正心谷创新资本上海坤言投资・・・・,http://www.cyzone.cn/r/20160125/18995.html
128,节卡机器人,人工智能,2018-03-07,A+轮,方广资本,http://www.cyzone.cn/r/20180307/64299.html
129,鼎家网络,房产,2018-03-06,天使轮,筑家投资,http://www.cyzone.cn/r/20180307/64304.html
130,聪明核桃教育,教育,2018-03-06,Pre-A,XVC创投嘉程资本山行资本,http://www.cyzone.cn/r/20180307/64308.html
131,声影动漫,游戏动漫,2018-03-06,A轮,今日头条,http://www.cyzone.cn/r/20170315/49982.html
132,展卷科技,交通出行,2018-03-06,A轮,摩拜单车,http://www.cyzone.cn/r/20180306/64267.html
133,睿帆科技,大数据,2018-03-06,战略投资,佳都科技,http://www.cyzone.cn/r/20180307/64300.html
134,企企通,企业服务,2018-03-06,B轮,网信集团昆仲资本和盟创投,http://www.cyzone.cn/r/20160127/19153.html
135,绿橙国际,教育,2018-03-06,A轮,鼎晖投资,http://www.cyzone.cn/r/20180307/64294.html
136,中农互联,大数据,2018-03-06,天使轮,未披露,http://www.cyzone.cn/r/20180307/64296.html
137,麦思威尔,智能制造,2018-03-06,A轮,永柏资本,http://www.cyzone.cn/r/20180307/64295.html
138,史河科技,硬件,2018-03-06,天使轮,熊猫资本老鹰基金,http://www.cyzone.cn/r/20160907/43565.html
139,漫游宝,硬件,2018-03-06,C轮,集富亚洲金沙江创投伟高达创投・・・・,http://www.cyzone.cn/r/20180307/64297.html
140,一起作业网,教育,2018-03-07,E轮,今日头条,http://www.cyzone.cn/r/20150704/359.html
141,中联利信,企业服务,2018-03-07,天使轮,钟鼎创投仲唐投资天津德雅,http://www.cyzone.cn/r/20180307/64314.html
142,媒管家,大数据,2018-03-07,天使轮,原链资本,http://www.cyzone.cn/r/20180307/64319.html
143,外教易,教育,2018-03-07,天使轮,创新工场,http://www.cyzone.cn/r/20180307/64318.html
144,块连线,文体娱乐,2018-03-07,种子轮,Tokenup,http://www.cyzone.cn/r/20180307/64317.html
145,灿谷金服,金融支付,2018-03-07,战略投资,腾讯产业共赢基金海通国际泰合资本・・・・,http://www.cyzone.cn/r/20180307/64315.html
146,辰天科技,人工智能,2018-03-07,并购,速感科技,http://www.cyzone.cn/r/20180307/64301.html
147,凯叔讲故事,教育,2018-03-07,B+轮,微影资本正心谷创新资本上海坤言投资・・・・,http://www.cyzone.cn/r/20160125/18995.html
148,节卡机器人,人工智能,2018-03-07,A+轮,方广资本,http://www.cyzone.cn/r/20180307/64299.html
149,鼎家网络,房产,2018-03-06,天使轮,筑家投资,http://www.cyzone.cn/r/20180307/64304.html
150,聪明核桃教育,教育,2018-03-06,Pre-A,XVC创投嘉程资本山行资本,http://www.cyzone.cn/r/20180307/64308.html
151,声影动漫,游戏动漫,2018-03-06,A轮,今日头条,http://www.cyzone.cn/r/20170315/49982.html
152,展卷科技,交通出行,2018-03-06,A轮,摩拜单车,http://www.cyzone.cn/r/20180306/64267.html
153,睿帆科技,大数据,2018-03-06,战略投资,佳都科技,http://www.cyzone.cn/r/20180307/64300.html
154,企企通,企业服务,2018-03-06,B轮,网信集团昆仲资本和盟创投,http://www.cyzone.cn/r/20160127/19153.html
155,绿橙国际,教育,2018-03-06,A轮,鼎晖投资,http://www.cyzone.cn/r/20180307/64294.html
156,中农互联,大数据,2018-03-06,天使轮,未披露,http://www.cyzone.cn/r/20180307/64296.html
157,麦思威尔,智能制造,2018-03-06,A轮,永柏资本,http://www.cyzone.cn/r/20180307/64295.html
158,史河科技,硬件,2018-03-06,天使轮,熊猫资本老鹰基金,http://www.cyzone.cn/r/20160907/43565.html
159,漫游宝,硬件,2018-03-06,C轮,集富亚洲金沙江创投伟高达创投・・・・,http://www.cyzone.cn/r/20180307/64297.html
160,一起作业网,教育,2018-03-07,E轮,今日头条,http://www.cyzone.cn/r/20150704/359.html
161,中联利信,企业服务,2018-03-07,天使轮,钟鼎创投仲唐投资天津德雅,http://www.cyzone.cn/r/20180307/64314.html
162,媒管家,大数据,2018-03-07,天使轮,原链资本,http://www.cyzone.cn/r/20180307/64319.html
163,外教易,教育,2018-03-07,天使轮,创新工场,http://www.cyzone.cn/r/20180307/64318.html
164,块连线,文体娱乐,2018-03-07,种子轮,Tokenup,http://www.cyzone.cn/r/20180307/64317.html
165,灿谷金服,金融支付,2018-03-07,战略投资,腾讯产业共赢基金海通国际泰合资本・・・・,http://www.cyzone.cn/r/20180307/64315.html
166,辰天科技,人工智能,2018-03-07,并购,速感科技,http://www.cyzone.cn/r/20180307/64301.html
167,凯叔讲故事,教育,2018-03-07,B+轮,微影资本正心谷创新资本上海坤言投资・・・・,http://www.cyzone.cn/r/20160125/18995.html
168,节卡机器人,人工智能,2018-03-07,A+轮,方广资本,http://www.cyzone.cn/r/20180307/64299.html
169,鼎家网络,房产,2018-03-06,天使轮,筑家投资,http://www.cyzone.cn/r/20180307/64304.html
170,聪明核桃教育,教育,2018-03-06,Pre-A,XVC创投嘉程资本山行资本,http://www.cyzone.cn/r/20180307/64308.html
171,声影动漫,游戏动漫,2018-03-06,A轮,今日头条,http://www.cyzone.cn/r/20170315/49982.html
172,展卷科技,交通出行,2018-03-06,A轮,摩拜单车,http://www.cyzone.cn/r/20180306/64267.html
173,睿帆科技,大数据,2018-03-06,战略投资,佳都科技,http://www.cyzone.cn/r/20180307/64300.html
174,企企通,企业服务,2018-03-06,B轮,网信集团昆仲资本和盟创投,http://www.cyzone.cn/r/20160127/19153.html
175,绿橙国际,教育,2018-03-06,A轮,鼎晖投资,http://www.cyzone.cn/r/20180307/64294.html
176,中农互联,大数据,2018-03-06,天使轮,未披露,http://www.cyzone.cn/r/20180307/64296.html
177,麦思威尔,智能制造,2018-03-06,A轮,永柏资本,http://www.cyzone.cn/r/20180307/64295.html
178,史河科技,硬件,2018-03-06,天使轮,熊猫资本老鹰基金,http://www.cyzone.cn/r/20160907/43565.html
179,漫游宝,硬件,2018-03-06,C轮,集富亚洲金沙江创投伟高达创投・・・・,http://www.cyzone.cn/r/20180307/64297.html
180,一起作业网,教育,2018-03-07,E轮,今日头条,http://www.cyzone.cn/r/20150704/359.html
181,中联利信,企业服务,2018-03-07,天使轮,钟鼎创投仲唐投资天津德雅,http://www.cyzone.cn/r/20180307/64314.html
182,媒管家,大数据,2018-03-07,天使轮,原链资本,http://www.cyzone.cn/r/20180307/64319.html
183,外教易,教育,2018-03-07,天使轮,创新工场,http://www.cyzone.cn/r/20180307/64318.html
184,块连线,文体娱乐,2018-03-07,种子轮,Tokenup,http://www.cyzone.cn/r/20180307/64317.html
185,灿谷金服,金融支付,2018-03-07,战略投资,腾讯产业共赢基金海通国际泰合资本・・・・,http://www.cyzone.cn/r/20180307/64315.html
186,辰天科技,人工智能,2018-03-07,并购,速感科技,http://www.cyzone.cn/r/20180307/64301.html
187,凯叔讲故事,教育,2018-03-07,B+轮,微影资本正心谷创新资本上海坤言投资・・・・,http://www.cyzone.cn/r/20160125/18995.html
188,节卡机器人,人工智能,2018-03-07,A+轮,方广资本,http://www.cyzone.cn/r/20180307/64299.html
189,鼎家网络,房产,2018-03-06,天使轮,筑家投资,http://www.cyzone.cn/r/20180307/64304.html
190,聪明核桃教育,教育,2018-03-06,Pre-A,XVC创投嘉程资本山行资本,http://www.cyzone.cn/r/20180307/64308.html
191,声影动漫,游戏动漫,2018-03-06,A轮,今日头条,http://www.cyzone.cn/r/20170315/49982.html
192,展卷科技,交通出行,2018-03-06,A轮,摩拜单车,http://www.cyzone.cn/r/20180306/64267.html
193,睿帆科技,大数据,2018-03-06,战略投资,佳都科技,http://www.cyzone.cn/r/20180307/64300.html
194,企企通,企业服务,2018-03-06,B轮,网信集团昆仲资本和盟创投,http://www.cyzone.cn/r/20160127/19153.html
195,绿橙国际,教育,2018-03-06,A轮,鼎晖投资,http://www.cyzone.cn/r/20180307/64294.html
196,中农互联,大数据,2018-03-06,天使轮,未披露,http://www.cyzone.cn/r/20180307/64296.html
197,麦思威尔,智能制造,2018-03-06,A轮,永柏资本,http://www.cyzone.cn/r/20180307/64295.html
198,史河科技,硬件,2018-03-06,天使轮,熊猫资本老鹰基金,http://www.cyzone.cn/r/20160907/43565.html
199,漫游宝,硬件,2018-03-06,C轮,集富亚洲金沙江创投伟高达创投・・・・,http://www.cyzone.cn/r/20180307/64297.html
200,一起作业网,教育,2018-03-07,E轮,今日头条,http://www.cyzone.cn/r/20150704/359.html
201,中联利信,企业服务,2018-03-07,天使轮,钟鼎创投仲唐投资天津德雅,http://www.cyzone.cn/r/20180307/64314.html
202,媒管家,大数据,2018-03-07,天使轮,原链资本,http://www.cyzone.cn/r/20180307/64319.html
203,外教易,教育,2018-03-07,天使轮,创新工场,http://www.cyzone.cn/r/20180307/64318.html
204,块连线,文体娱乐,2018-03-07,种子轮,Tokenup,http://www.cyzone.cn/r/20180307/64317.html
205,灿谷金服,金融支付,2018-03-07,战略投资,腾讯产业共赢基金海通国际泰合资本・・・・,http://www.cyzone.cn/r/20180307/64315.html
206,辰天科技,人工智能,2018-03-07,并购,速感科技,http://www.cyzone.cn/r/20180307/64301.html
207,凯叔讲故事,教育,2018-03-07,B+轮,微影资本正心谷创新资本上海坤言投资・・・・,http://www.cyzone.cn/r/20160125/18995.html
208,节卡机器人,人工智能,2018-03-07,A+轮,方广资本,http://www.cyzone.cn/r/20180307/64299.html
209,鼎家网络,房产,2018-03-06,天使轮,筑家投资,http://www.cyzone.cn/r/20180307/64304.html
210,聪明核桃教育,教育,2018-03-06,Pre-A,XVC创投嘉程资本山行资本,http://www.cyzone.cn/r/20180307/64308.html
211,声影动漫,游戏动漫,2018-03-06,A轮,今日头条,http://www.cyzone.cn/r/20170315/49982.html
212,展卷科技,交通出行,2018-03-06,A轮,摩拜单车,http://www.cyzone.cn/r/20180306/64267.html
213,睿帆科技,大数据,2018-03-06,战略投资,佳都科技,http://www.cyzone.cn/r/20180307/64300.html
214,企企通,企业服务,2018-03-06,B轮,网信集团昆仲资本和盟创投,http://www.cyzone.cn/r/20160127/19153.html
215,绿橙国际,教育,2018-03-06,A轮,鼎晖投资,http://www.cyzone.cn/r/20180307/64294.html
216,中农互联,大数据,2018-03-06,天使轮,未披露,http://www.cyzone.cn/r/20180307/64296.html
217,麦思威尔,智能制造,2018-03-06,A轮,永柏资本,http://www.cyzone.cn/r/20180307/64295.html
218,史河科技,硬件,2018-03-06,天使轮,熊猫资本老鹰基金,http://www.cyzone.cn/r/20160907/43565.html
219,漫游宝,硬件,2018-03-06,C轮,集富亚洲金沙江创投伟高达创投・・・・,http://www.cyzone.cn/r/20180307/64297.html
220,一起作业网,教育,2018-03-07,E轮,今日头条,http://www.cyzone.cn/r/20150704/359.html
221,中联利信,企业服务,2018-03-07,天使轮,钟鼎创投仲唐投资天津德雅,http://www.cyzone.cn/r/20180307/64314.html
222,媒管家,大数据,2018-03-07,天使轮,原链资本,http://www.cyzone.cn/r/20180307/64319.html
223,外教易,教育,2018-03-07,天使轮,创新工场,http://www.cyzone.cn/r/20180307/64318.html
224,块连线,文体娱乐,2018-03-07,种子轮,Tokenup,http://www.cyzone.cn/r/20180307/64317.html
225,灿谷金服,金融支付,2018-03-07,战略投资,腾讯产业共赢基金海通国际泰合资本・・・・,http://www.cyzone.cn/r/20180307/64315.html
226,辰天科技,人工智能,2018-03-07,并购,速感科技,http://www.cyzone.cn/r/20180307/64301.html
227,凯叔讲故事,教育,2018-03-07,B+轮,微影资本正心谷创新资本上海坤言投资・・・・,http://www.cyzone.cn/r/20160125/18995.html
228,节卡机器人,人工智能,2018-03-07,A+轮,方广资本,http://www.cyzone.cn/r/20180307/64299.html
229,鼎家网络,房产,2018-03-06,天使轮,筑家投资,http://www.cyzone.cn/r/20180307/64304.html
230,聪明核桃教育,教育,2018-03-06,Pre-A,XVC创投嘉程资本山行资本,http://www.cyzone.cn/r/20180307/64308.html
231,声影动漫,游戏动漫,2018-03-06,A轮,今日头条,http://www.cyzone.cn/r/20170315/49982.html
232,展卷科技,交通出行,2018-03-06,A轮,摩拜单车,http://www.cyzone.cn/r/20180306/64267.html
233,睿帆科技,大数据,2018-03-06,战略投资,佳都科技,http://www.cyzone.cn/r/20180307/64300.html
234,企企通,企业服务,2018-03-06,B轮,网信集团昆仲资本和盟创投,http://www.cyzone.cn/r/20160127/19153.html
235,绿橙国际,教育,2018-03-06,A轮,鼎晖投资,http://www.cyzone.cn/r/20180307/64294.html
236,中农互联,大数据,2018-03-06,天使轮,未披露,http://www.cyzone.cn/r/20180307/64296.html
237,麦思威尔,智能制造,2018-03-06,A轮,永柏资本,http://www.cyzone.cn/r/20180307/64295.html
238,史河科技,硬件,2018-03-06,天使轮,熊猫资本老鹰基金,http://www.cyzone.cn/r/20160907/43565.html
239,漫游宝,硬件,2018-03-06,C轮,集富亚洲金沙江创投伟高达创投・・・・,http://www.cyzone.cn/r/20180307/64297.html
240,一起作业网,教育,2018-03-07,E轮,今日头条,http://www.cyzone.cn/r/20150704/359.html
241,中联利信,企业服务,2018-03-07,天使轮,钟鼎创投仲唐投资天津德雅,http://www.cyzone.cn/r/20180307/64314.html
242,媒管家,大数据,2018-03-07,天使轮,原链资本,http://www.cyzone.cn/r/20180307/64319.html
243,外教易,教育,2018-03-07,天使轮,创新工场,http://www.cyzone.cn/r/20180307/64318.html
244,块连线,文体娱乐,2018-03-07,种子轮,Tokenup,http://www.cyzone.cn/r/20180307/64317.html
245,灿谷金服,金融支付,2018-03-07,战略投资,腾讯产业共赢基金海通国际泰合资本・・・・,http://www.cyzone.cn/r/20180307/64315.html
246,辰天科技,人工智能,2018-03-07,并购,速感科技,http://www.cyzone.cn/r/20180307/64301.html
247,凯叔讲故事,教育,2018-03-07,B+轮,微影资本正心谷创新资本上海坤言投资・・・・,http://www.cyzone.cn/r/20160125/18995.html
248,节卡机器人,人工智能,2018-03-07,A+轮,方广资本,http://www.cyzone.cn/r/20180307/64299.html
249,鼎家网络,房产,2018-03-06,天使轮,筑家投资,http://www.cyzone.cn/r/20180307/64304.html
250,聪明核桃教育,教育,2018-03-06,Pre-A,XVC创投嘉程资本山行资本,http://www.cyzone.cn/r/20180307/64308.html
251,声影动漫,游戏动漫,2018-03-06,A轮,今日头条,http://www.cyzone.cn/r/20170315/49982.html
252,展卷科技,交通出行,2018-03-06,A轮,摩拜单车,http://www.cyzone.cn/r/20180306/64267.html
253,睿帆科技,大数据,2018-03-06,战略投资,佳都科技,http://www.cyzone.cn/r/20180307/64300.html
254,企企通,企业服务,2018-03-06,B轮,网信集团昆仲资本和盟创投,http://www.cyzone.cn/r/20160127/19153.html
255,绿橙国际,教育,2018-03-06,A轮,鼎晖投资,http://www.cyzone.cn/r/20180307/64294.html
256,中农互联,大数据,2018-03-06,天使轮,未披露,http://www.cyzone.cn/r/20180307/64296.html
257,麦思威尔,智能制造,2018-03-06,A轮,永柏资本,http://www.cyzone.cn/r/20180307/64295.html
258,史河科技,硬件,2018-03-06,天使轮,熊猫资本老鹰基金,http://www.cyzone.cn/r/20160907/43565.html
259,漫游宝,硬件,2018-03-06,C轮,集富亚洲金沙江创投伟高达创投・・・・,http://www.cyzone.cn/r/20180307/64297.html
260,一起作业网,教育,2018-03-07,E轮,今日头条,http://www.cyzone.cn/r/20150704/359.html
261,中联利信,企业服务,2018-03-07,天使轮,钟鼎创投仲唐投资天津德雅,http://www.cyzone.cn/r/20180307/64314.html
262,媒管家,大数据,2018-03-07,天使轮,原链资本,http://www.cyzone.cn/r/20180307/64319.html
263,外教易,教育,2018-03-07,天使轮,创新工场,http://www.cyzone.cn/r/20180307/64318.html
264,块连线,文体娱乐,2018-03-07,种子轮,Tokenup,http://www.cyzone.cn/r/20180307/64317.html
265,灿谷金服,金融支付,2018-03-07,战略投资,腾讯产业共赢基金海通国际泰合资本・・・・,http://www.cyzone.cn/r/20180307/64315.html
266,辰天科技,人工智能,2018-03-07,并购,速感科技,http://www.cyzone.cn/r/20180307/64301.html
267,凯叔讲故事,教育,2018-03-07,B+轮,微影资本正心谷创新资本上海坤言投资・・・・,http://www.cyzone.cn/r/20160125/18995.html
268,节卡机器人,人工智能,2018-03-07,A+轮,方广资本,http://www.cyzone.cn/r/20180307/64299.html
269,鼎家网络,房产,2018-03-06,天使轮,筑家投资,http://www.cyzone.cn/r/20180307/64304.html
270,聪明核桃教育,教育,2018-03-06,Pre-A,XVC创投嘉程资本山行资本,http://www.cyzone.cn/r/20180307/64308.html
271,声影动漫,游戏动漫,2018-03-06,A轮,今日头条,http://www.cyzone.cn/r/20170315/49982.html
272,展卷科技,交通出行,2018-03-06,A轮,摩拜单车,http://www.cyzone.cn/r/20180306/64267.html
273,睿帆科技,大数据,2018-03-06,战略投资,佳都科技,http://www.cyzone.cn/r/20180307/64300.html
274,企企通,企业服务,2018-03-06,B轮,网信集团昆仲资本和盟创投,http://www.cyzone.cn/r/20160127/19153.html
275,绿橙国际,教育,2018-03-06,A轮,鼎晖投资,http://www.cyzone.cn/r/20180307/64294.html
276,中农互联,大数据,2018-03-06,天使轮,未披露,http://www.cyzone.cn/r/20180307/64296.html
277,麦思威尔,智能制造,2018-03-06,A轮,永柏资本,http://www.cyzone.cn/r/20180307/64295.html
278,史河科技,硬件,2018-03-06,天使轮,熊猫资本老鹰基金,http://www.cyzone.cn/r/20160907/43565.html
279,漫游宝,硬件,2018-03-06,C轮,集富亚洲金沙江创投伟高达创投・・・・,http://www.cyzone.cn/r/20180307/64297.html
280,一起作业网,教育,2018-03-07,E轮,今日头条,http://www.cyzone.cn/r/20150704/359.html
281,中联利信,企业服务,2018-03-07,天使轮,钟鼎创投仲唐投资天津德雅,http://www.cyzone.cn/r/20180307/64314.html
282,媒管家,大数据,2018-03-07,天使轮,原链资本,http://www.cyzone.cn/r/20180307/64319.html
283,外教易,教育,2018-03-07,天使轮,创新工场,http://www.cyzone.cn/r/20180307/64318.html
284,块连线,文体娱乐,2018-03-07,种子轮,Tokenup,http://www.cyzone.cn/r/20180307/64317.html
285,灿谷金服,金融支付,2018-03-07,战略投资,腾讯产业共赢基金海通国际泰合资本・・・・,http://www.cyzone.cn/r/20180307/64315.html
286,辰天科技,人工智能,2018-03-07,并购,速感科技,http://www.cyzone.cn/r/20180307/64301.html
287,凯叔讲故事,教育,2018-03-07,B+轮,微影资本正心谷创新资本上海坤言投资・・・・,http://www.cyzone.cn/r/20160125/18995.html
288,节卡机器人,人工智能,2018-03-07,A+轮,方广资本,http://www.cyzone.cn/r/20180307/64299.html
289,鼎家网络,房产,2018-03-06,天使轮,筑家投资,http://www.cyzone.cn/r/20180307/64304.html
290,聪明核桃教育,教育,2018-03-06,Pre-A,XVC创投嘉程资本山行资本,http://www.cyzone.cn/r/20180307/64308.html
291,声影动漫,游戏动漫,2018-03-06,A轮,今日头条,http://www.cyzone.cn/r/20170315/49982.html
292,展卷科技,交通出行,2018-03-06,A轮,摩拜单车,http://www.cyzone.cn/r/20180306/64267.html
293,睿帆科技,大数据,2018-03-06,战略投资,佳都科技,http://www.cyzone.cn/r/20180307/64300.html
294,企企通,企业服务,2018-03-06,B轮,网信集团昆仲资本和盟创投,http://www.cyzone.cn/r/20160127/19153.html
295,绿橙国际,教育,2018-03-06,A轮,鼎晖投资,http://www.cyzone.cn/r/20180307/64294.html
296,中农互联,大数据,2018-03-06,天使轮,未披露,http://www.cyzone.cn/r/20180307/64296.html
297,麦思威尔,智能制造,2018-03-06,A轮,永柏资本,http://www.cyzone.cn/r/20180307/64295.html
298,史河科技,硬件,2018-03-06,天使轮,熊猫资本老鹰基金,http://www.cyzone.cn/r/20160907/43565.html
299,漫游宝,硬件,2018-03-06,C轮,集富亚洲金沙江创投伟高达创投・・・・,http://www.cyzone.cn/r/20180307/64297.html
300,一起作业网,教育,2018-03-07,E轮,今日头条,http://www.cyzone.cn/r/20150704/359.html
301,中联利信,企业服务,2018-03-07,天使轮,钟鼎创投仲唐投资天津德雅,http://www.cyzone.cn/r/20180307/64314.html
302,媒管家,大数据,2018-03-07,天使轮,原链资本,http://www.cyzone.cn/r/20180307/64319.html
303,外教易,教育,2018-03-07,天使轮,创新工场,http://www.cyzone.cn/r/20180307/64318.html
304,块连线,文体娱乐,2018-03-07,种子轮,Tokenup,http://www.cyzone.cn/r/20180307/64317.html
305,灿谷金服,金融支付,2018-03-07,战略投资,腾讯产业共赢基金海通国际泰合资本・・・・,http://www.cyzone.cn/r/20180307/64315.html
306,辰天科技,人工智能,2018-03-07,并购,速感科技,http://www.cyzone.cn/r/20180307/64301.html
307,凯叔讲故事,教育,2018-03-07,B+轮,微影资本正心谷创新资本上海坤言投资・・・・,http://www.cyzone.cn/r/20160125/18995.html
308,节卡机器人,人工智能,2018-03-07,A+轮,方广资本,http://www.cyzone.cn/r/20180307/64299.html
309,鼎家网络,房产,2018-03-06,天使轮,筑家投资,http://www.cyzone.cn/r/20180307/64304.html
310,聪明核桃教育,教育,2018-03-06,Pre-A,XVC创投嘉程资本山行资本,http://www.cyzone.cn/r/20180307/64308.html
311,声影动漫,游戏动漫,2018-03-06,A轮,今日头条,http://www.cyzone.cn/r/20170315/49982.html
312,展卷科技,交通出行,2018-03-06,A轮,摩拜单车,http://www.cyzone.cn/r/20180306/64267.html
313,睿帆科技,大数据,2018-03-06,战略投资,佳都科技,http://www.cyzone.cn/r/20180307/64300.html
314,企企通,企业服务,2018-03-06,B轮,网信集团昆仲资本和盟创投,http://www.cyzone.cn/r/20160127/19153.html
315,绿橙国际,教育,2018-03-06,A轮,鼎晖投资,http://www.cyzone.cn/r/20180307/64294.html
316,中农互联,大数据,2018-03-06,天使轮,未披露,http://www.cyzone.cn/r/20180307/64296.html
317,麦思威尔,智能制造,2018-03-06,A轮,永柏资本,http://www.cyzone.cn/r/20180307/64295.html
318,史河科技,硬件,2018-03-06,天使轮,熊猫资本老鹰基金,http://www.cyzone.cn/r/20160907/43565.html
319,漫游宝,硬件,2018-03-06,C轮,集富亚洲金沙江创投伟高达创投・・・・,http://www.cyzone.cn/r/20180307/64297.html
320,一起作业网,教育,2018-03-07,E轮,今日头条,http://www.cyzone.cn/r/20150704/359.html
321,中联利信,企业服务,2018-03-07,天使轮,钟鼎创投仲唐投资天津德雅,http://www.cyzone.cn/r/20180307/64314.html
322,媒管家,大数据,2018-03-07,天使轮,原链资本,http://www.cyzone.cn/r/20180307/64319.html
323,外教易,教育,2018-03-07,天使轮,创新工场,http://www.cyzone.cn/r/20180307/64318.html
324,块连线,文体娱乐,2018-03-07,种子轮,Tokenup,http://www.cyzone.cn/r/20180307/64317.html
325,灿谷金服,金融支付,2018-03-07,战略投资,腾讯产业共赢基金海通国际泰合资本・・・・,http://www.cyzone.cn/r/20180307/64315.html
326,辰天科技,人工智能,2018-03-07,并购,速感科技,http://www.cyzone.cn/r/20180307/64301.html
327,凯叔讲故事,教育,2018-03-07,B+轮,微影资本正心谷创新资本上海坤言投资・・・・,http://www.cyzone.cn/r/20160125/18995.html
328,节卡机器人,人工智能,2018-03-07,A+轮,方广资本,http://www.cyzone.cn/r/20180307/64299.html
329,鼎家网络,房产,2018-03-06,天使轮,筑家投资,http://www.cyzone.cn/r/20180307/64304.html
330,聪明核桃教育,教育,2018-03-06,Pre-A,XVC创投嘉程资本山行资本,http://www.cyzone.cn/r/20180307/64308.html
331,声影动漫,游戏动漫,2018-03-06,A轮,今日头条,http://www.cyzone.cn/r/20170315/49982.html
332,展卷科技,交通出行,2018-03-06,A轮,摩拜单车,http://www.cyzone.cn/r/20180306/64267.html
333,睿帆科技,大数据,2018-03-06,战略投资,佳都科技,http://www.cyzone.cn/r/20180307/64300.html
334,企企通,企业服务,2018-03-06,B轮,网信集团昆仲资本和盟创投,http://www.cyzone.cn/r/20160127/19153.html
335,绿橙国际,教育,2018-03-06,A轮,鼎晖投资,http://www.cyzone.cn/r/20180307/64294.html
336,中农互联,大数据,2018-03-06,天使轮,未披露,http://www.cyzone.cn/r/20180307/64296.html
337,麦思威尔,智能制造,2018-03-06,A轮,永柏资本,http://www.cyzone.cn/r/20180307/64295.html
338,史河科技,硬件,2018-03-06,天使轮,熊猫资本老鹰基金,http://www.cyzone.cn/r/20160907/43565.html
339,漫游宝,硬件,2018-03-06,C轮,集富亚洲金沙江创投伟高达创投・・・・,http://www.cyzone.cn/r/20180307/64297.html
340,一起作业网,教育,2018-03-07,E轮,今日头条,http://www.cyzone.cn/r/20150704/359.html
341,中联利信,企业服务,2018-03-07,天使轮,钟鼎创投仲唐投资天津德雅,http://www.cyzone.cn/r/20180307/64314.html
342,媒管家,大数据,2018-03-07,天使轮,原链资本,http://www.cyzone.cn/r/20180307/64319.html
343,外教易,教育,2018-03-07,天使轮,创新工场,http://www.cyzone.cn/r/20180307/64318.html
344,块连线,文体娱乐,2018-03-07,种子轮,Tokenup,http://www.cyzone.cn/r/20180307/64317.html
345,灿谷金服,金融支付,2018-03-07,战略投资,腾讯产业共赢基金海通国际泰合资本・・・・,http://www.cyzone.cn/r/20180307/64315.html
346,辰天科技,人工智能,2018-03-07,并购,速感科技,http://www.cyzone.cn/r/20180307/64301.html
347,凯叔讲故事,教育,2018-03-07,B+轮,微影资本正心谷创新资本上海坤言投资・・・・,http://www.cyzone.cn/r/20160125/18995.html
348,节卡机器人,人工智能,2018-03-07,A+轮,方广资本,http://www.cyzone.cn/r/20180307/64299.html
349,鼎家网络,房产,2018-03-06,天使轮,筑家投资,http://www.cyzone.cn/r/20180307/64304.html
350,聪明核桃教育,教育,2018-03-06,Pre-A,XVC创投嘉程资本山行资本,http://www.cyzone.cn/r/20180307/64308.html
351,声影动漫,游戏动漫,2018-03-06,A轮,今日头条,http://www.cyzone.cn/r/20170315/49982.html
352,展卷科技,交通出行,2018-03-06,A轮,摩拜单车,http://www.cyzone.cn/r/20180306/64267.html
353,睿帆科技,大数据,2018-03-06,战略投资,佳都科技,http://www.cyzone.cn/r/20180307/64300.html
354,企企通,企业服务,2018-03-06,B轮,网信集团昆仲资本和盟创投,http://www.cyzone.cn/r/20160127/19153.html
355,绿橙国际,教育,2018-03-06,A轮,鼎晖投资,http://www.cyzone.cn/r/20180307/64294.html
356,中农互联,大数据,2018-03-06,天使轮,未披露,http://www.cyzone.cn/r/20180307/64296.html
357,麦思威尔,智能制造,2018-03-06,A轮,永柏资本,http://www.cyzone.cn/r/20180307/64295.html
358,史河科技,硬件,2018-03-06,天使轮,熊猫资本老鹰基金,http://www.cyzone.cn/r/20160907/43565.html
359,漫游宝,硬件,2018-03-06,C轮,集富亚洲金沙江创投伟高达创投・・・・,http://www.cyzone.cn/r/20180307/64297.html
360,一起作业网,教育,2018-03-07,E轮,今日头条,http://www.cyzone.cn/r/20150704/359.html
361,中联利信,企业服务,2018-03-07,天使轮,钟鼎创投仲唐投资天津德雅,http://www.cyzone.cn/r/20180307/64314.html
362,媒管家,大数据,2018-03-07,天使轮,原链资本,http://www.cyzone.cn/r/20180307/64319.html
363,外教易,教育,2018-03-07,天使轮,创新工场,http://www.cyzone.cn/r/20180307/64318.html
364,块连线,文体娱乐,2018-03-07,种子轮,Tokenup,http://www.cyzone.cn/r/20180307/64317.html
365,灿谷金服,金融支付,2018-03-07,战略投资,腾讯产业共赢基金海通国际泰合资本・・・・,http://www.cyzone.cn/r/20180307/64315.html
366,辰天科技,人工智能,2018-03-07,并购,速感科技,http://www.cyzone.cn/r/20180307/64301.html
367,凯叔讲故事,教育,2018-03-07,B+轮,微影资本正心谷创新资本上海坤言投资・・・・,http://www.cyzone.cn/r/20160125/18995.html
368,节卡机器人,人工智能,2018-03-07,A+轮,方广资本,http://www.cyzone.cn/r/20180307/64299.html
369,鼎家网络,房产,2018-03-06,天使轮,筑家投资,http://www.cyzone.cn/r/20180307/64304.html
370,聪明核桃教育,教育,2018-03-06,Pre-A,XVC创投嘉程资本山行资本,http://www.cyzone.cn/r/20180307/64308.html
371,声影动漫,游戏动漫,2018-03-06,A轮,今日头条,http://www.cyzone.cn/r/20170315/49982.html
372,展卷科技,交通出行,2018-03-06,A轮,摩拜单车,http://www.cyzone.cn/r/20180306/64267.html
373,睿帆科技,大数据,2018-03-06,战略投资,佳都科技,http://www.cyzone.cn/r/20180307/64300.html
374,企企通,企业服务,2018-03-06,B轮,网信集团昆仲资本和盟创投,http://www.cyzone.cn/r/20160127/19153.html
375,绿橙国际,教育,2018-03-06,A轮,鼎晖投资,http://www.cyzone.cn/r/20180307/64294.html
376,中农互联,大数据,2018-03-06,天使轮,未披露,http://www.cyzone.cn/r/20180307/64296.html
377,麦思威尔,智能制造,2018-03-06,A轮,永柏资本,http://www.cyzone.cn/r/20180307/64295.html
378,史河科技,硬件,2018-03-06,天使轮,熊猫资本老鹰基金,http://www.cyzone.cn/r/20160907/43565.html
379,漫游宝,硬件,2018-03-06,C轮,集富亚洲金沙江创投伟高达创投・・・・,http://www.cyzone.cn/r/20180307/64297.html
380,一起作业网,教育,2018-03-07,E轮,今日头条,http://www.cyzone.cn/r/20150704/359.html
381,中联利信,企业服务,2018-03-07,天使轮,钟鼎创投仲唐投资天津德雅,http://www.cyzone.cn/r/20180307/64314.html
382,媒管家,大数据,2018-03-07,天使轮,原链资本,http://www.cyzone.cn/r/20180307/64319.html
383,外教易,教育,2018-03-07,天使轮,创新工场,http://www.cyzone.cn/r/20180307/64318.html
384,块连线,文体娱乐,2018-03-07,种子轮,Tokenup,http://www.cyzone.cn/r/20180307/64317.html
385,灿谷金服,金融支付,2018-03-07,战略投资,腾讯产业共赢基金海通国际泰合资本・・・・,http://www.cyzone.cn/r/20180307/64315.html
386,辰天科技,人工智能,2018-03-07,并购,速感科技,http://www.cyzone.cn/r/20180307/64301.html
387,凯叔讲故事,教育,2018-03-07,B+轮,微影资本正心谷创新资本上海坤言投资・・・・,http://www.cyzone.cn/r/20160125/18995.html
388,节卡机器人,人工智能,2018-03-07,A+轮,方广资本,http://www.cyzone.cn/r/20180307/64299.html
389,鼎家网络,房产,2018-03-06,天使轮,筑家投资,http://www.cyzone.cn/r/20180307/64304.html
390,聪明核桃教育,教育,2018-03-06,Pre-A,XVC创投嘉程资本山行资本,http://www.cyzone.cn/r/20180307/64308.html
391,声影动漫,游戏动漫,2018-03-06,A轮,今日头条,http://www.cyzone.cn/r/20170315/49982.html
392,展卷科技,交通出行,2018-03-06,A轮,摩拜单车,http://www.cyzone.cn/r/20180306/64267.html
393,睿帆科技,大数据,2018-03-06,战略投资,佳都科技,http://www.cyzone.cn/r/20180307/64300.html
394,企企通,企业服务,2018-03-06,B轮,网信集团昆仲资本和盟创投,http://www.cyzone.cn/r/20160127/19153.html
395,绿橙国际,教育,2018-03-06,A轮,鼎晖投资,http://www.cyzone.cn/r/20180307/64294.html
396,中农互联,大数据,2018-03-06,天使轮,未披露,http://www.cyzone.cn/r/20180307/64296.html
397,麦思威尔,智能制造,2018-03-06,A轮,永柏资本,http://www.cyzone.cn/r/20180307/64295.html
398,史河科技,硬件,2018-03-06,天使轮,熊猫资本老鹰基金,http://www.cyzone.cn/r/20160907/43565.html
399,漫游宝,硬件,2018-03-06,C轮,集富亚洲金沙江创投伟高达创投・・・・,http://www.cyzone.cn/r/20180307/64297.html
400,一起作业网,教育,2018-03-07,E轮,今日头条,http://www.cyzone.cn/r/20150704/359.html
401,中联利信,企业服务,2018-03-07,天使轮,钟鼎创投仲唐投资天津德雅,http://www.cyzone.cn/r/20180307/64314.html
402,媒管家,大数据,2018-03-07,天使轮,原链资本,http://www.cyzone.cn/r/20180307/64319.html
403,外教易,教育,2018-03-07,天使轮,创新工场,http://www.cyzone.cn/r/20180307/64318.html
404,块连线,文体娱乐,2018-03-07,种子轮,Tokenup,http://www.cyzone.cn/r/20180307/64317.html
405,灿谷金服,金融支付,2018-03-07,战略投资,腾讯产业共赢基金海通国际泰合资本・・・・,http://www.cyzone.cn/r/20180307/64315.html
406,辰天科技,人工智能,2018-03-07,并购,速感科技,http://www.cyzone.cn/r/20180307/64301.html
407,凯叔讲故事,教育,2018-03-07,B+轮,微影资本正心谷创新资本上海坤言投资・・・・,http://www.cyzone.cn/r/20160125/18995.html
408,节卡机器人,人工智能,2018-03-07,A+轮,方广资本,http://www.cyzone.cn/r/20180307/64299.html
409,鼎家网络,房产,2018-03-06,天使轮,筑家投资,http://www.cyzone.cn/r/20180307/64304.html
410,聪明核桃教育,教育,2018-03-06,Pre-A,XVC创投嘉程资本山行资本,http://www.cyzone.cn/r/20180307/64308.html
411,声影动漫,游戏动漫,2018-03-06,A轮,今日头条,http://www.cyzone.cn/r/20170315/49982.html
412,展卷科技,交通出行,2018-03-06,A轮,摩拜单车,http://www.cyzone.cn/r/20180306/64267.html
413,睿帆科技,大数据,2018-03-06,战略投资,佳都科技,http://www.cyzone.cn/r/20180307/64300.html
414,企企通,企业服务,2018-03-06,B轮,网信集团昆仲资本和盟创投,http://www.cyzone.cn/r/20160127/19153.html
415,绿橙国际,教育,2018-03-06,A轮,鼎晖投资,http://www.cyzone.cn/r/20180307/64294.html
416,中农互联,大数据,2018-03-06,天使轮,未披露,http://www.cyzone.cn/r/20180307/64296.html
417,麦思威尔,智能制造,2018-03-06,A轮,永柏资本,http://www.cyzone.cn/r/20180307/64295.html
418,史河科技,硬件,2018-03-06,天使轮,熊猫资本老鹰基金,http://www.cyzone.cn/r/20160907/43565.html
419,漫游宝,硬件,2018-03-06,C轮,集富亚洲金沙江创投伟高达创投・・・・,http://www.cyzone.cn/r/20180307/64297.html
420,一起作业网,教育,2018-03-07,E轮,今日头条,http://www.cyzone.cn/r/20150704/359.html
421,中联利信,企业服务,2018-03-07,天使轮,钟鼎创投仲唐投资天津德雅,http://www.cyzone.cn/r/20180307/64314.html
422,媒管家,大数据,2018-03-07,天使轮,原链资本,http://www.cyzone.cn/r/20180307/64319.html
423,外教易,教育,2018-03-07,天使轮,创新工场,http://www.cyzone.cn/r/20180307/64318.html
424,块连线,文体娱乐,2018-03-07,种子轮,Tokenup,http://www.cyzone.cn/r/20180307/64317.html
425,灿谷金服,金融支付,2018-03-07,战略投资,腾讯产业共赢基金海通国际泰合资本・・・・,http://www.cyzone.cn/r/20180307/64315.html
426,辰天科技,人工智能,2018-03-07,并购,速感科技,http://www.cyzone.cn/r/20180307/64301.html
427,凯叔讲故事,教育,2018-03-07,B+轮,微影资本正心谷创新资本上海坤言投资・・・・,http://www.cyzone.cn/r/20160125/18995.html
428,节卡机器人,人工智能,2018-03-07,A+轮,方广资本,http://www.cyzone.cn/r/20180307/64299.html
429,鼎家网络,房产,2018-03-06,天使轮,筑家投资,http://www.cyzone.cn/r/20180307/64304.html
430,聪明核桃教育,教育,2018-03-06,Pre-A,XVC创投嘉程资本山行资本,http://www.cyzone.cn/r/20180307/64308.html
431,声影动漫,游戏动漫,2018-03-06,A轮,今日头条,http://www.cyzone.cn/r/20170315/49982.html
432,展卷科技,交通出行,2018-03-06,A轮,摩拜单车,http://www.cyzone.cn/r/20180306/64267.html
433,睿帆科技,大数据,2018-03-06,战略投资,佳都科技,http://www.cyzone.cn/r/20180307/64300.html
434,企企通,企业服务,2018-03-06,B轮,网信集团昆仲资本和盟创投,http://www.cyzone.cn/r/20160127/19153.html
435,绿橙国际,教育,2018-03-06,A轮,鼎晖投资,http://www.cyzone.cn/r/20180307/64294.html
436,中农互联,大数据,2018-03-06,天使轮,未披露,http://www.cyzone.cn/r/20180307/64296.html
437,麦思威尔,智能制造,2018-03-06,A轮,永柏资本,http://www.cyzone.cn/r/20180307/64295.html
438,史河科技,硬件,2018-03-06,天使轮,熊猫资本老鹰基金,http://www.cyzone.cn/r/20160907/43565.html
439,漫游宝,硬件,2018-03-06,C轮,集富亚洲金沙江创投伟高达创投・・・・,http://www.cyzone.cn/r/20180307/64297.html
440,一起作业网,教育,2018-03-07,E轮,今日头条,http://www.cyzone.cn/r/20150704/359.html
441,中联利信,企业服务,2018-03-07,天使轮,钟鼎创投仲唐投资天津德雅,http://www.cyzone.cn/r/20180307/64314.html
442,媒管家,大数据,2018-03-07,天使轮,原链资本,http://www.cyzone.cn/r/20180307/64319.html
443,外教易,教育,2018-03-07,天使轮,创新工场,http://www.cyzone.cn/r/20180307/64318.html
444,块连线,文体娱乐,2018-03-07,种子轮,Tokenup,http://www.cyzone.cn/r/20180307/64317.html
445,灿谷金服,金融支付,2018-03-07,战略投资,腾讯产业共赢基金海通国际泰合资本・・・・,http://www.cyzone.cn/r/20180307/64315.html
446,辰天科技,人工智能,2018-03-07,并购,速感科技,http://www.cyzone.cn/r/20180307/64301.html
447,凯叔讲故事,教育,2018-03-07,B+轮,微影资本正心谷创新资本上海坤言投资・・・・,http://www.cyzone.cn/r/20160125/18995.html
448,节卡机器人,人工智能,2018-03-07,A+轮,方广资本,http://www.cyzone.cn/r/20180307/64299.html
449,鼎家网络,房产,2018-03-06,天使轮,筑家投资,http://www.cyzone.cn/r/20180307/64304.html
450,聪明核桃教育,教育,2018-03-06,Pre-A,XVC创投嘉程资本山行资本,http://www.cyzone.cn/r/20180307/64308.html
451,声影动漫,游戏动漫,2018-03-06,A轮,今日头条,http://www.cyzone.cn/r/20170315/49982.html
452,展卷科技,交通出行,2018-03-06,A轮,摩拜单车,http://www.cyzone.cn/r/20180306/64267.html
453,睿帆科技,大数据,2018-03-06,战略投资,佳都科技,http://www.cyzone.cn/r/20180307/64300.html
454,企企通,企业服务,2018-03-06,B轮,网信集团昆仲资本和盟创投,http://www.cyzone.cn/r/20160127/19153.html
455,绿橙国际,教育,2018-03-06,A轮,鼎晖投资,http://www.cyzone.cn/r/20180307/64294.html
456,中农互联,大数据,2018-03-06,天使轮,未披露,http://www.cyzone.cn/r/20180307/64296.html
457,麦思威尔,智能制造,2018-03-06,A轮,永柏资本,http://www.cyzone.cn/r/20180307/64295.html
458,史河科技,硬件,2018-03-06,天使轮,熊猫资本老鹰基金,http://www.cyzone.cn/r/20160907/43565.html
459,漫游宝,硬件,2018-03-06,C轮,集富亚洲金沙江创投伟高达创投・・・・,http://www.cyzone.cn/r/20180307/64297.html
460,一起作业网,教育,2018-03-07,E轮,今日头条,http://www.cyzone.cn/r/20150704/359.html
461,中联利信,企业服务,2018-03-07,天使轮,钟鼎创投仲唐投资天津德雅,http://www.cyzone.cn/r/20180307/64314.html
462,媒管家,大数据,2018-03-07,天使轮,原链资本,http://www.cyzone.cn/r/20180307/64319.html
463,外教易,教育,2018-03-07,天使轮,创新工场,http://www.cyzone.cn/r/20180307/64318.html
464,块连线,文体娱乐,2018-03-07,种子轮,Tokenup,http://www.cyzone.cn/r/20180307/64317.html
465,灿谷金服,金融支付,2018-03-07,战略投资,腾讯产业共赢基金海通国际泰合资本・・・・,http://www.cyzone.cn/r/20180307/64315.html
466,辰天科技,人工智能,2018-03-07,并购,速感科技,http://www.cyzone.cn/r/20180307/64301.html
467,凯叔讲故事,教育,2018-03-07,B+轮,微影资本正心谷创新资本上海坤言投资・・・・,http://www.cyzone.cn/r/20160125/18995.html
468,节卡机器人,人工智能,2018-03-07,A+轮,方广资本,http://www.cyzone.cn/r/20180307/64299.html
469,鼎家网络,房产,2018-03-06,天使轮,筑家投资,http://www.cyzone.cn/r/20180307/64304.html
470,聪明核桃教育,教育,2018-03-06,Pre-A,XVC创投嘉程资本山行资本,http://www.cyzone.cn/r/20180307/64308.html
471,声影动漫,游戏动漫,2018-03-06,A轮,今日头条,http://www.cyzone.cn/r/20170315/49982.html
472,展卷科技,交通出行,2018-03-06,A轮,摩拜单车,http://www.cyzone.cn/r/20180306/64267.html
473,睿帆科技,大数据,2018-03-06,战略投资,佳都科技,http://www.cyzone.cn/r/20180307/64300.html
474,企企通,企业服务,2018-03-06,B轮,网信集团昆仲资本和盟创投,http://www.cyzone.cn/r/20160127/19153.html
475,绿橙国际,教育,2018-03-06,A轮,鼎晖投资,http://www.cyzone.cn/r/20180307/64294.html
476,中农互联,大数据,2018-03-06,天使轮,未披露,http://www.cyzone.cn/r/20180307/64296.html
477,麦思威尔,智能制造,2018-03-06,A轮,永柏资本,http://www.cyzone.cn/r/20180307/64295.html
478,史河科技,硬件,2018-03-06,天使轮,熊猫资本老鹰基金,http://www.cyzone.cn/r/20160907/43565.html
479,漫游宝,硬件,2018-03-06,C轮,集富亚洲金沙江创投伟高达创投・・・・,http://www.cyzone.cn/r/20180307/64297.html
480,一起作业网,教育,2018-03-07,E轮,今日头条,http://www.cyzone.cn/r/20150704/359.html
481,中联利信,企业服务,2018-03-07,天使轮,钟鼎创投仲唐投资天津德雅,http://www.cyzone.cn/r/20180307/64314.html
482,媒管家,大数据,2018-03-07,天使轮,原链资本,http://www.cyzone.cn/r/20180307/64319.html
483,外教易,教育,2018-03-07,天使轮,创新工场,http://www.cyzone.cn/r/20180307/64318.html
484,块连线,文体娱乐,2018-03-07,种子轮,Tokenup,http://www.cyzone.cn/r/20180307/64317.html
485,灿谷金服,金融支付,2018-03-07,战略投资,腾讯产业共赢基金海通国际泰合资本・・・・,http://www.cyzone.cn/r/20180307/64315.html
486,辰天科技,人工智能,2018-03-07,并购,速感科技,http://www.cyzone.cn/r/20180307/64301.html
487,凯叔讲故事,教育,2018-03-07,B+轮,微影资本正心谷创新资本上海坤言投资・・・・,http://www.cyzone.cn/r/20160125/18995.html
488,节卡机器人,人工智能,2018-03-07,A+轮,方广资本,http://www.cyzone.cn/r/20180307/64299.html
489,鼎家网络,房产,2018-03-06,天使轮,筑家投资,http://www.cyzone.cn/r/20180307/64304.html
490,聪明核桃教育,教育,2018-03-06,Pre-A,XVC创投嘉程资本山行资本,http://www.cyzone.cn/r/20180307/64308.html
491,声影动漫,游戏动漫,2018-03-06,A轮,今日头条,http://www.cyzone.cn/r/20170315/49982.html
492,展卷科技,交通出行,2018-03-06,A轮,摩拜单车,http://www.cyzone.cn/r/20180306/64267.html
493,睿帆科技,大数据,2018-03-06,战略投资,佳都科技,http://www.cyzone.cn/r/20180307/64300.html
494,企企通,企业服务,2018-03-06,B轮,网信集团昆仲资本和盟创投,http://www.cyzone.cn/r/20160127/19153.html
495,绿橙国际,教育,2018-03-06,A轮,鼎晖投资,http://www.cyzone.cn/r/20180307/64294.html
496,中农互联,大数据,2018-03-06,天使轮,未披露,http://www.cyzone.cn/r/20180307/64296.html
497,麦思威尔,智能制造,2018-03-06,A轮,永柏资本,http://www.cyzone.cn/r/20180307/64295.html
498,史河科技,硬件,2018-03-06,天使轮,熊猫资本老鹰基金,http://www.cyzone.cn/r/20160907/43565.html
499,漫游宝,硬件,2018-03-06,C轮,集富亚洲金沙江创投伟高达创投・・・・,http://www.cyzone.cn/r/20180307/64297.html
500,一起作业网,教育,2018-03-07,E轮,今日头条,http://www.cyzone.cn/r/20150704/359.html
501,中联利信,企业服务,2018-03-07,天使轮,钟鼎创投仲唐投资天津德雅,http://www.cyzone.cn/r/20180307/64314.html
502,媒管家,大数据,2018-03-07,天使轮,原链资本,http://www.cyzone.cn/r/20180307/64319.html
503,外教易,教育,2018-03-07,天使轮,创新工场,http://www.cyzone.cn/r/20180307/64318.html
504,块连线,文体娱乐,2018-03-07,种子轮,Tokenup,http://www.cyzone.cn/r/20180307/64317.html
505,灿谷金服,金融支付,2018-03-07,战略投资,腾讯产业共赢基金海通国际泰合资本・・・・,http://www.cyzone.cn/r/20180307/64315.html
506,辰天科技,人工智能,2018-03-07,并购,速感科技,http://www.cyzone.cn/r/20180307/64301.html
507,凯叔讲故事,教育,2018-03-07,B+轮,微影资本正心谷创新资本上海坤言投资・・・・,http://www.cyzone.cn/r/20160125/18995.html
508,节卡机器人,人工智能,2018-03-07,A+轮,方广资本,http://www.cyzone.cn/r/20180307/64299.html
509,鼎家网络,房产,2018-03-06,天使轮,筑家投资,http://www.cyzone.cn/r/20180307/64304.html
510,聪明核桃教育,教育,2018-03-06,Pre-A,XVC创投嘉程资本山行资本,http://www.cyzone.cn/r/20180307/64308.html
511,声影动漫,游戏动漫,2018-03-06,A轮,今日头条,http://www.cyzone.cn/r/20170315/49982.html
512,展卷科技,交通出行,2018-03-06,A轮,摩拜单车,http://www.cyzone.cn/r/20180306/64267.html
513,睿帆科技,大数据,2018-03-06,战略投资,佳都科技,http://www.cyzone.cn/r/20180307/64300.html
514,企企通,企业服务,2018-03-06,B轮,网信集团昆仲资本和盟创投,http://www.cyzone.cn/r/20160127/19153.html
515,绿橙国际,教育,2018-03-06,A轮,鼎晖投资,http://www.cyzone.cn/r/20180307/64294.html
516,中农互联,大数据,2018-03-06,天使轮,未披露,http://www.cyzone.cn/r/20180307/64296.html
517,麦思威尔,智能制造,2018-03-06,A轮,永柏资本,http://www.cyzone.cn/r/20180307/64295.html
518,史河科技,硬件,2018-03-06,天使轮,熊猫资本老鹰基金,http://www.cyzone.cn/r/20160907/43565.html
519,漫游宝,硬件,2018-03-06,C轮,集富亚洲金沙江创投伟高达创投・・・・,http://www.cyzone.cn/r/20180307/64297.html
520,一起作业网,教育,2018-03-07,E轮,今日头条,http://www.cyzone.cn/r/20150704/359.html
521,中联利信,企业服务,2018-03-07,天使轮,钟鼎创投仲唐投资天津德雅,http://www.cyzone.cn/r/20180307/64314.html
522,媒管家,大数据,2018-03-07,天使轮,原链资本,http://www.cyzone.cn/r/20180307/64319.html
523,外教易,教育,2018-03-07,天使轮,创新工场,http://www.cyzone.cn/r/20180307/64318.html
524,块连线,文体娱乐,2018-03-07,种子轮,Tokenup,http://www.cyzone.cn/r/20180307/64317.html
525,灿谷金服,金融支付,2018-03-07,战略投资,腾讯产业共赢基金海通国际泰合资本・・・・,http://www.cyzone.cn/r/20180307/64315.html
526,辰天科技,人工智能,2018-03-07,并购,速感科技,http://www.cyzone.cn/r/20180307/64301.html
527,凯叔讲故事,教育,2018-03-07,B+轮,微影资本正心谷创新资本上海坤言投资・・・・,http://www.cyzone.cn/r/20160125/18995.html
528,节卡机器人,人工智能,2018-03-07,A+轮,方广资本,http://www.cyzone.cn/r/20180307/64299.html
529,鼎家网络,房产,2018-03-06,天使轮,筑家投资,http://www.cyzone.cn/r/20180307/64304.html
530,聪明核桃教育,教育,2018-03-06,Pre-A,XVC创投嘉程资本山行资本,http://www.cyzone.cn/r/20180307/64308.html
531,声影动漫,游戏动漫,2018-03-06,A轮,今日头条,http://www.cyzone.cn/r/20170315/49982.html
532,展卷科技,交通出行,2018-03-06,A轮,摩拜单车,http://www.cyzone.cn/r/20180306/64267.html
533,睿帆科技,大数据,2018-03-06,战略投资,佳都科技,http://www.cyzone.cn/r/20180307/64300.html
534,企企通,企业服务,2018-03-06,B轮,网信集团昆仲资本和盟创投,http://www.cyzone.cn/r/20160127/19153.html
535,绿橙国际,教育,2018-03-06,A轮,鼎晖投资,http://www.cyzone.cn/r/20180307/64294.html
536,中农互联,大数据,2018-03-06,天使轮,未披露,http://www.cyzone.cn/r/20180307/64296.html
537,麦思威尔,智能制造,2018-03-06,A轮,永柏资本,http://www.cyzone.cn/r/20180307/64295.html
538,史河科技,硬件,2018-03-06,天使轮,熊猫资本老鹰基金,http://www.cyzone.cn/r/20160907/43565.html
539,漫游宝,硬件,2018-03-06,C轮,集富亚洲金沙江创投伟高达创投・・・・,http://www.cyzone.cn/r/20180307/64297.html
540,一起作业网,教育,2018-03-07,E轮,今日头条,http://www.cyzone.cn/r/20150704/359.html
541,中联利信,企业服务,2018-03-07,天使轮,钟鼎创投仲唐投资天津德雅,http://www.cyzone.cn/r/20180307/64314.html
542,媒管家,大数据,2018-03-07,天使轮,原链资本,http://www.cyzone.cn/r/20180307/64319.html
543,外教易,教育,2018-03-07,天使轮,创新工场,http://www.cyzone.cn/r/20180307/64318.html
544,块连线,文体娱乐,2018-03-07,种子轮,Tokenup,http://www.cyzone.cn/r/20180307/64317.html
545,灿谷金服,金融支付,2018-03-07,战略投资,腾讯产业共赢基金海通国际泰合资本・・・・,http://www.cyzone.cn/r/20180307/64315.html
546,辰天科技,人工智能,2018-03-07,并购,速感科技,http://www.cyzone.cn/r/20180307/64301.html
547,凯叔讲故事,教育,2018-03-07,B+轮,微影资本正心谷创新资本上海坤言投资・・・・,http://www.cyzone.cn/r/20160125/18995.html
548,节卡机器人,人工智能,2018-03-07,A+轮,方广资本,http://www.cyzone.cn/r/20180307/64299.html
549,鼎家网络,房产,2018-03-06,天使轮,筑家投资,http://www.cyzone.cn/r/20180307/64304.html
550,聪明核桃教育,教育,2018-03-06,Pre-A,XVC创投嘉程资本山行资本,http://www.cyzone.cn/r/20180307/64308.html
551,声影动漫,游戏动漫,2018-03-06,A轮,今日头条,http://www.cyzone.cn/r/20170315/49982.html
552,展卷科技,交通出行,2018-03-06,A轮,摩拜单车,http://www.cyzone.cn/r/20180306/64267.html
553,睿帆科技,大数据,2018-03-06,战略投资,佳都科技,http://www.cyzone.cn/r/20180307/64300.html
554,企企通,企业服务,2018-03-06,B轮,网信集团昆仲资本和盟创投,http://www.cyzone.cn/r/20160127/19153.html
555,绿橙国际,教育,2018-03-06,A轮,鼎晖投资,http://www.cyzone.cn/r/20180307/64294.html
556,中农互联,大数据,2018-03-06,天使轮,未披露,http://www.cyzone.cn/r/20180307/64296.html
557,麦思威尔,智能制造,2018-03-06,A轮,永柏资本,http://www.cyzone.cn/r/20180307/64295.html
558,史河科技,硬件,2018-03-06,天使轮,熊猫资本老鹰基金,http://www.cyzone.cn/r/20160907/43565.html
559,漫游宝,硬件,2018-03-06,C轮,集富亚洲金沙江创投伟高达创投・・・・,http://www.cyzone.cn/r/20180307/64297.html
560,一起作业网,教育,2018-03-07,E轮,今日头条,http://www.cyzone.cn/r/20150704/359.html
561,中联利信,企业服务,2018-03-07,天使轮,钟鼎创投仲唐投资天津德雅,http://www.cyzone.cn/r/20180307/64314.html
562,媒管家,大数据,2018-03-07,天使轮,原链资本,http://www.cyzone.cn/r/20180307/64319.html
563,外教易,教育,2018-03-07,天使轮,创新工场,http://www.cyzone.cn/r/20180307/64318.html
564,块连线,文体娱乐,2018-03-07,种子轮,Tokenup,http://www.cyzone.cn/r/20180307/64317.html
565,灿谷金服,金融支付,2018-03-07,战略投资,腾讯产业共赢基金海通国际泰合资本・・・・,http://www.cyzone.cn/r/20180307/64315.html
566,辰天科技,人工智能,2018-03-07,并购,速感科技,http://www.cyzone.cn/r/20180307/64301.html
567,凯叔讲故事,教育,2018-03-07,B+轮,微影资本正心谷创新资本上海坤言投资・・・・,http://www.cyzone.cn/r/20160125/18995.html
568,节卡机器人,人工智能,2018-03-07,A+轮,方广资本,http://www.cyzone.cn/r/20180307/64299.html
569,鼎家网络,房产,2018-03-06,天使轮,筑家投资,http://www.cyzone.cn/r/20180307/64304.html
570,聪明核桃教育,教育,2018-03-06,Pre-A,XVC创投嘉程资本山行资本,http://www.cyzone.cn/r/20180307/64308.html
571,声影动漫,游戏动漫,2018-03-06,A轮,今日头条,http://www.cyzone.cn/r/20170315/49982.html
572,展卷科技,交通出行,2018-03-06,A轮,摩拜单车,http://www.cyzone.cn/r/20180306/64267.html
573,睿帆科技,大数据,2018-03-06,战略投资,佳都科技,http://www.cyzone.cn/r/20180307/64300.html
574,企企通,企业服务,2018-03-06,B轮,网信集团昆仲资本和盟创投,http://www.cyzone.cn/r/20160127/19153.html
575,绿橙国际,教育,2018-03-06,A轮,鼎晖投资,http://www.cyzone.cn/r/20180307/64294.html
576,中农互联,大数据,2018-03-06,天使轮,未披露,http://www.cyzone.cn/r/20180307/64296.html
577,麦思威尔,智能制造,2018-03-06,A轮,永柏资本,http://www.cyzone.cn/r/20180307/64295.html
578,史河科技,硬件,2018-03-06,天使轮,熊猫资本老鹰基金,http://www.cyzone.cn/r/20160907/43565.html
579,漫游宝,硬件,2018-03-06,C轮,集富亚洲金沙江创投伟高达创投・・・・,http://www.cyzone.cn/r/20180307/64297.html
580,一起作业网,教育,2018-03-07,E轮,今日头条,http://www.cyzone.cn/r/20150704/359.html
581,中联利信,企业服务,2018-03-07,天使轮,钟鼎创投仲唐投资天津德雅,http://www.cyzone.cn/r/20180307/64314.html
582,媒管家,大数据,2018-03-07,天使轮,原链资本,http://www.cyzone.cn/r/20180307/64319.html
583,外教易,教育,2018-03-07,天使轮,创新工场,http://www.cyzone.cn/r/20180307/64318.html
584,块连线,文体娱乐,2018-03-07,种子轮,Tokenup,http://www.cyzone.cn/r/20180307/64317.html
585,灿谷金服,金融支付,2018-03-07,战略投资,腾讯产业共赢基金海通国际泰合资本・・・・,http://www.cyzone.cn/r/20180307/64315.html
586,辰天科技,人工智能,2018-03-07,并购,速感科技,http://www.cyzone.cn/r/20180307/64301.html
587,凯叔讲故事,教育,2018-03-07,B+轮,微影资本正心谷创新资本上海坤言投资・・・・,http://www.cyzone.cn/r/20160125/18995.html
588,节卡机器人,人工智能,2018-03-07,A+轮,方广资本,http://www.cyzone.cn/r/20180307/64299.html
589,鼎家网络,房产,2018-03-06,天使轮,筑家投资,http://www.cyzone.cn/r/20180307/64304.html
590,聪明核桃教育,教育,2018-03-06,Pre-A,XVC创投嘉程资本山行资本,http://www.cyzone.cn/r/20180307/64308.html
591,声影动漫,游戏动漫,2018-03-06,A轮,今日头条,http://www.cyzone.cn/r/20170315/49982.html
592,展卷科技,交通出行,2018-03-06,A轮,摩拜单车,http://www.cyzone.cn/r/20180306/64267.html
593,睿帆科技,大数据,2018-03-06,战略投资,佳都科技,http://www.cyzone.cn/r/20180307/64300.html
594,企企通,企业服务,2018-03-06,B轮,网信集团昆仲资本和盟创投,http://www.cyzone.cn/r/20160127/19153.html
595,绿橙国际,教育,2018-03-06,A轮,鼎晖投资,http://www.cyzone.cn/r/20180307/64294.html
596,中农互联,大数据,2018-03-06,天使轮,未披露,http://www.cyzone.cn/r/20180307/64296.html
597,麦思威尔,智能制造,2018-03-06,A轮,永柏资本,http://www.cyzone.cn/r/20180307/64295.html
598,史河科技,硬件,2018-03-06,天使轮,熊猫资本老鹰基金,http://www.cyzone.cn/r/20160907/43565.html
599,漫游宝,硬件,2018-03-06,C轮,集富亚洲金沙江创投伟高达创投・・・・,http://www.cyzone.cn/r/20180307/64297.html
