appcategory,appname,comments,company,install,love,platform,size,update,version
网上购物-商城,拼多多,3377,上海寻梦信息技术有限公司,7998.1万,87.00%,Android 4.0.3 以上,18.95MB,2018年04月04日,3.66.0
网上购物-商城-优惠,唯品会,2465,唯品会(珠海)电子商务有限公司,7497.4万,87.00%,Android 4.0.2 以上,50.53MB,2018年04月03日,6.15.7
网上购物-商城,淘宝,11340,淘宝（中国）软件有限公司,5亿,70.00%,Android 4.0.2 以上,74.41MB,2018年04月04日,7.7.2
网上购物-商城-优惠,蘑菇街,592,杭州卷瓜网络有限公司,3827.2万,78.00%,Android 4.0.2 以上,33.16MB,2018年04月02日,10.5.0.9858
网上购物-商城,阿里巴巴,525,阿里巴巴（中国）网络技术有限公司,7097.8万,57.00%,Android 4.0.2 以上,35.93MB,2018年04月04日,7.8.1.0
网上购物-商城,天猫,343,浙江天猫技术有限公司,9513.4万,42.00%,Android 4.0.2 以上,52.86MB,2018年03月29日,7.6.0
网上购物-商城,京东,259,北京京东叁佰陆拾度电子商务有限公司,1.9亿,51.00%,Android 4.0.2 以上,87.67MB,2018年03月27日,6.6.7
网上购物-商城,转转,2232,北京转转精神科技有限责任公司,2469.5万,94.00%,Android 4.1.x 以上,26.87MB,2018年04月02日,4.7.7
网上购物-商城,苏宁易购,475,苏宁云商集团股份有限公司,8677.4万,72.00%,Android 4.0.2 以上,75.46MB,2018年03月23日,6.0.5
网上购物-商城,一亩田,33,北京一亩田新农网络科技有限公司,553.6万,70.00%,Android 4.1.x 以上,35.22MB,2018年04月03日,V6.08.47
网上购物-商城,夜欲两性情趣商城,216,深圳市美趣互动文化有限公司,111.9万,100.00%,Android 4.4.4 以上,6.68MB,2018年03月26日,2.2.2
网上购物-商城-团购-优惠,当当,110,北京当当科文电子商务有限公司,1786.2万,55.00%,Android 4.0.2 以上,33.2MB,2018年04月08日,8.4.0
网上购物-商城-团购-优惠-全球导购,一淘,5127,淘宝（中国）软件有限公司,1302.1万,90.00%,Android 4.0.3 以上,21.45MB,2018年04月04日,8.4.2
网上购物-商城,交易猫,751,广州交易猫信息技术有限公司,1177.3万,90.00%,Android 4.2.x 以上,11.21MB,2018年01月31日,3.0.1
网上购物-商城,闪电降价,354,上海欢尚电子商务有限公司,600.4万,85.00%,Android 4.0.2 以上,25.78MB,2018年03月05日,2.5.0
网上购物-商城-优惠,贝贝,196,杭州互秀电子商务有限公司,1085.2万,68.00%,Android 4.0.2 以上,34.19MB,2018年03月29日,7.5.02
网上购物-商城,米家有品,104,北京小米移动软件有限公司,48.7万,99.00%,Android 4.1.x 以上,16.24MB,2018年04月08日,1.17.3
网上购物-商城,91情趣成人用品商城,159,重庆趣网电子商务有限公司,14.2万,100.00%,Android 4.1.x 以上,16.15MB,2018年03月20日,3.5.1
网上购物-商城,小米商城,178,小米科技有限责任公司,1975.2万,75.00%,Android 4.0.2 以上,38.47MB,2018年04月02日,4.2.16.0323.r1
网上购物-商城,衣联网,420,广州市衣联网络科技有限公司,19.1万,100.00%,Android 4.1.x 以上,50.44MB,2018年04月08日,4.5.800online
网上购物-商城,春色成人用品商城,13,重庆鸿巨网络科技有限公司,137.3万,60.00%,Android 4.1.x 以上,16.58MB,2018年01月18日,3.5.1
网上购物-商城,开心拍卖,417,上海臻棒商务咨询有限公司,10.2万,100.00%,Android 4.1.x 以上,9.2MB,2018年03月29日,1.0.1
网上购物-商城-优惠,千牛,289,淘宝（中国）软件有限公司,1998.8万,38.00%,Android 4.1.x 以上,54.86MB,2018年03月27日,6.6.6
网上购物-商城,猎物,115,昆山市优鸿电子有限公司,10万,100.00%,Android 4.2.x 以上,39.04MB,2018年04月09日,1.3.7
网上购物-商城-优惠,多点,69,多点生活（中国）网络科技有限公司,158.2万,78.00%,Android 4.1.x 以上,18.19MB,2018年04月04日,3.8.5
网上购物-商城,信用卡申办,7,济南酷彩信息技术有限公司,120.9万,100.00%,Android 4.0.2 以上,22.68MB,2017年12月27日,3.7.0
网上购物-商城,美咻咻两性情趣,247,深圳市美趣互动文化有限公司,27万,99.00%,Android 4.1.x 以上,8.4MB,2018年04月04日,6.6.0
网上购物-商城-优惠,一折特卖,2408,厦门三零零网络科技有限公司,1267.7万,93.00%,Android 2.3.2 以上,15.24MB,2018年03月15日,2.6.4
网上购物-商城,一支萌美妆分期购物平台,103,厦门大猷金融技术服务有限公司,10.1万,100.00%,Android 4.1.x 以上,57.56MB,2018年03月05日,1.0.1
网上购物-商城,衣联供货商,288,广州市衣联网络科技有限公司,10万,100.00%,Android 4.1.x 以上,57.36MB,2018年04月08日,2.4.700online
网上购物-商城,网易严选,1058,杭州再顾科技有限公司,253万,69.00%,Android 4.1.x 以上,19.45MB,2018年03月29日,3.6.0
网上购物-商城,二手手机找靓机,739,温言杰,71.6万,94.00%,Android 4.1.x 以上,21.68MB,2018年03月26日,4.6.1
网上购物-商城,分期乐,556,深圳市分期乐网络科技有限公司,819.1万,56.00%,Android 4.2.x 以上,20.85MB,2018年03月30日,4.9.1
网上购物-商城,微店,5807,北京口袋时尚科技有限公司,1952.8万,91.00%,Android 4.1.x 以上,26.36MB,2018年03月29日,8.6.0
网上购物-商城,手机惠农,257,湖南惠农科技有限公司,74.9万,95.00%,Android 4.0.2 以上,20MB,2018年03月29日,4.6.8.0
网上购物-商城,佳泰,0,深圳市金紫杉科技有限公司,12.5万,暂无,Android 4.1.x 以上,15.51MB,2018年04月03日,1.1.3
网上购物-商城,田和商城,0,湖南绿梦生物科技有限公司,23.1万,暂无,Android 2.3.2 以上,1.84MB,2018年04月04日,0.0.6
网上购物-商城,奢分期,227,广州微一网络科技有限公司,15.7万,100.00%,Android 4.1.x 以上,45.92MB,2018年03月19日,3.3.0
网上购物-商城,悦花越有,10,北京中合农发企业管理有限公司,16.2万,70.00%,Android 4.4.4 以上,30.95MB,2018年04月08日,2.1.5
网上购物-商城-团购-优惠,楚楚街,215,北京醋溜网络科技股份有限公司,824.9万,53.00%,Android 4.1.x 以上,38.17MB,2018年03月29日,3.22
网上购物-商城,桃花坞,6168,北京桃花坞科技股份有限公司,377.5万,100.00%,Android 4.1.x 以上,8.64MB,2017年11月30日,4.1.9
网上购物-商城,中金交易,0,杭州遂意网络科技有限公司,20.4万,暂无,Android 4.0.3 以上,9.76MB,2018年03月15日,1.3
网上购物-商城,11选5助手,216,上海璞旭信息技术有限公司,109.3万,95.00%,Android 4.0.3 以上,6.64MB,2018年03月16日,4.12.0305
网上购物-商城,桔子分期,128,北京桔子分期电子商务有限公司,45.9万,87.00%,Android 4.0.2 以上,15.88MB,2018年04月03日,5.0.2
网上购物-商城,云集微店,-12,浙江集商网络科技有限公司,61万,50.00%,Android 4.0.3 以上,33.33MB,2018年04月02日,3.67.03271
网上购物-商城,亚马逊购物,84,亚马逊（中国）投资有限公司,1332.7万,57.00%,Android 4.1.x 以上,36.87MB,2018年04月09日,16.7.0.600
网上购物-商城-优惠,优分期,373,北京和创未来网络科技有限公司,153.5万,89.00%,Android 4.0.2 以上,10.59MB,2018年01月16日,6.2.2
网上购物-商城-团购-优惠,折800,2128,团博百众（北京）科技有限公司,2404.3万,51.00%,Android 4.1.x 以上,26.2MB,2018年03月14日,4.35.0
网上购物-商城,小象优品,855,北京源石云科技有限公司上海分公司,49.6万,97.00%,Android 4.1.x 以上,26.05MB,2018年04月09日,3.5.8
网上购物-商城,微店买家版,11,北京风之文化传媒有限公司,222.5万,48.00%,Android 4.0.3 以上,23.22MB,2018年04月02日,5.1.0
网上购物-商城-优惠,华为商城,87,华为终端（东莞）有限公司,864.7万,57.00%,Android 4.0.2 以上,10.73MB,2018年03月27日,1.6.4.0
网上购物-商城,小黑鱼,251,南京铁帆网络科技有限公司,10.5万,100.00%,Android 4.1.x 以上,24.98MB,2018年04月02日,1.7.0
网上购物-商城-优惠,聚美优品,210,北京创锐文化传媒有限公司,2235.3万,40.00%,Android 4.1.x 以上,41.08MB,2018年03月28日,5.827
网上购物-商城,盒马,3,上海盒马网络科技有限公司,33.3万,50.00%,Android 4.2.x 以上,30.57MB,2018年04月10日,3.0.5
网上购物-商城,国美,254,国美在线电子商务有限公司,1229.2万,90.00%,Android 4.0.2 以上,53.41MB,2018年03月26日,5.2.6
网上购物-商城,康爱多掌上药店,364,广东康爱多连锁药店有限公司,126.8万,96.00%,Android 2.3.2 以上,11.44MB,2018年03月27日,3.10.2
网上购物-商城,爱用商城,0,深圳洽客科技有限公司,7.9万,暂无,Android 4.0.3 以上,17.37MB,2018年03月26日,1.0.5
网上购物-商城-优惠,YohoBuy有货,56,南京新与力文化传播有限公司,251.6万,68.00%,Android 4.1.x 以上,50.11MB,2018年03月29日,6.5.3
网上购物-商城,岭南优品-购物优惠,6,中国移动通信集团广东有限公司,26.7万,50.00%,Android 4.2.x 以上,26.76MB,2018年04月08日,3.7.0
网上购物-商城,婚礼纪,34,杭州火烧云科技有限公司,83.7万,78.00%,Android 4.1.x 以上,48.08MB,2018年04月04日,7.5.6
网上购物-商城,云集VIP,0,浙江集商优选电子商务有限公司,42.6万,50.00%,Android 4.0.3 以上,15.61MB,2018年03月12日,2.1.03091
网上购物-商城,梦幻藏宝阁,0,广州博冠信息科技有限公司,7.9万,暂无,Android 4.0.2 以上,16.02MB,2018年03月19日,3.0.8
网上购物-商城-团购,淘手游,27,贵州指趣网络科技有限公司,125.4万,75.00%,Android 4.0.3 以上,9.48MB,2018年03月28日,2.4.3
网上购物-商城-优惠,1号店,37,纽海信息技术（上海）有限公司,1754.9万,49.00%,Android 4.1.x 以上,24.74MB,2018年03月05日,5.2.4
网上购物-商城,家门口永辉,2,上海永辉云创商业管理有限公司,22.3万,暂无,Android 4.3.x 以上,29.33MB,2018年03月16日,4.3.3.0.75
网上购物-商城,宾兔兔定制,57,上海开皇实业有限公司,6.7万,100.00%,Android 4.4.4 以上,17.96MB,2018年03月21日,2.6.4
网上购物-商城,苏宁+商城,1,南京苏宁加电子商务有限公司,4.9万,暂无,Android 4.0.2 以上,28.54MB,2018年03月12日,2.0.4
网上购物-商城,酒仙网,58,酒仙网电子商务股份有限公司,126.2万,62.00%,Android 4.0.2 以上,22.33MB,2018年04月08日,8.0.0
网上购物-商城,阳光智园,0,阳光智园科技有限公司,13.4万,暂无,Android 4.1.x 以上,15.32MB,2018年04月02日,3.1.2
网上购物-商城,义乌购,18,浙江义乌购电子商务有限公司,55.3万,67.00%,Android 4.0.3 以上,44.22MB,2018年03月15日,2.6.1
网上购物-商城-优惠,波奇宠物,519,光橙上海信息科技有限公司,496.8万,48.00%,Android 4.0.3 以上,27.91MB,2018年03月28日,3.8.1
网上购物-商城,新商盟,18,,21.8万,暂无,Android 3.0.0 以上,3MB,2015年12月09日,1.0.1
网上购物-商城,绿叶商城,0,苏州绿派生物科技有限公司,6.2万,暂无,Android 4.1.x 以上,6.94MB,2018年03月19日,3.0.0
网上购物-商城,爱又米,38,爱财科技有限公司,112.4万,54.00%,Android 4.2.x 以上,12.21MB,2018年03月21日,4.1.4
网上购物-商城-优惠,寺库,2420,北京寺库商贸有限公司,189.5万,99.00%,Android 4.1.x 以上,51.79MB,2018年03月13日,5.9.12
网上购物-商城,叮当快药,19,叮当快药科技集团有限公司,68.1万,53.00%,Android 4.0.3 以上,14.67MB,2018年01月22日,4.9.1
网上购物-商城,微销通,61,广州市凤南网络科技有限公司,30.9万,38.00%,Android 4.0.3 以上,21.75MB,2018年04月04日,8.7.1
网上购物-商城,二手转转,0,杭州天算科技有限公司,7.9万,暂无,Android 4.1.x 以上,9.97MB,2016年11月09日,1.1.4
网上购物-商城,阿里零售通,2,阿里巴巴（中国）网络技术有限公司,32.9万,暂无,Android 4.0.3 以上,20.3MB,2018年03月07日,3.9.1
网上购物-商城,弹个车,166,北京搜车网科技有限公司,31.2万,99.00%,Android 4.1.x 以上,17.78MB,2018年04月04日,4.1.1
网上购物-商城-团购-优惠,柚子街,222,厦门美柚信息科技有限公司,134.4万,97.00%,Android 4.0.3 以上,23.05MB,2018年02月07日,2.4.9
网上购物-商城,闲转,1351,武汉市闲转信息技术有限公司,76.1万,99.00%,Android 4.1.x 以上,13.12MB,2018年01月30日,1.2.1
网上购物-商城,拍拍二手,6,南京拍拍蓝天信息技术有限公司,3.7万,48.00%,Android 4.1.x 以上,24.69MB,2018年04月04日,1.1.0
网上购物-商城,虹领巾,4,天虹商场股份有限公司,28.5万,50.00%,Android 4.0.3 以上,43.05MB,2018年03月13日,3.5.1
网上购物-商城,手机新商盟,48,来自互联网,345万,40.00%,Android 2.0.0 以上,1.1MB,2014年09月02日,3.5
网上购物-商城,渲然阁,0,深圳市德瑞健康管理有限公司,2.4万,暂无,Android 4.0.3 以上,24.93MB,2017年11月22日,1.1.9
网上购物-商城,喵街,12,浙江莲荷科技有限公司,90.3万,89.00%,Android 4.1.x 以上,29.69MB,2018年04月02日,3.3.5
网上购物-商城,美菜商城,0,北京云杉世界信息技术有限公司,24.5万,暂无,Android 4.0.3 以上,25.41MB,2018年04月10日,2.5.0
网上购物-商城,和众互联,0,山西和众晋商生物科技有限公司,8.9万,暂无,Android 2.2.x 以上,23.36MB,2018年04月02日,1.0.1.1
网上购物-商城-优惠,蜜芽宝贝,85,北京花旺在线商贸有限公司,309.9万,51.00%,Android 4.0.2 以上,25.86MB,2018年03月29日,6.1.5
网上购物-商城,零零期分期,4412,浙江零零期信息科技有限公司,101.3万,99.00%,Android 4.1.x 以上,25.77MB,2018年02月22日,3.7.0
网上购物-商城,必要,147,珠海必要科技有限公司,61.3万,79.00%,Android 4.0.2 以上,48.69MB,2018年04月04日,3.9.9
网上购物-商城-优惠,利趣网,414,杭州小葵科技有限公司,554.6万,60.00%,Android 4.0.3 以上,6.15MB,2018年03月23日,2.9.2
网上购物-商城,孩子王,59,江苏孩子王实业有限公司,29.5万,96.00%,Android 4.0.2 以上,42.04MB,2018年02月13日,7.17
网上购物-商城,干股帮,2,河北千股电子商务有限公司,4.2万,50.00%,Android 4.0.2 以上,14.96MB,2018年01月26日,3.34
网上购物-商城,亿钻宝,1,上海亿钊宝网络科技有限公司,2.8万,暂无,Android 4.4.4 以上,17.05MB,2018年03月27日,1.3.4
网上购物-商城,趣店,42,北京快乐时代科技发展有限公司,713.6万,44.00%,Android 4.0.3 以上,19.75MB,2018年04月02日,3.0.2
网上购物-商城,建行善融商城,11,中国建设银行股份有限公司,68.5万,38.00%,Android 4.0.2 以上,10.77MB,2018年04月04日,1.1.8
网上购物-商城,行聊,0,河源市行聊智能科技有限公司,6.6万,暂无,Android 4.0.3 以上,36.67MB,2018年02月22日,4.0.1
网上购物-商城,国际妈咪海淘,427,重庆藿芙蔓国际贸易有限公司,3.8万,100.00%,Android 4.0.3 以上,32.64MB,2018年04月10日,1.3.8
网上购物-商城,微店,35,温州易米科技有限公司,50.4万,暂无,Android 4.1.x 以上,9.19MB,2018年04月10日,5.4
网上购物-商城,爱回收,152,上海悦易网络信息技术有限公司,46.7万,85.00%,Android 4.0.3 以上,20.52MB,2018年02月07日,2.7.5
网上购物-商城,易奢购,53,厦门久长时文化传播有限公司,1.1万,100.00%,Android 4.0.3 以上,3.52MB,2018年03月02日,1.0
网上购物-商城,分杰,0,成都悬赏呗科技有限公司,1.1万,暂无,Android 4.1.x 以上,22.7MB,2018年04月08日,1.1.0
网上购物-商城,飞牛网,58,上海飞牛集达电子商务有限公司,442.3万,53.00%,Android 4.0.2 以上,15.18MB,2018年02月09日,2.3.1
网上购物-商城,闪电拍卖,2638,深圳市诺诺易购网络科技有限公司,18.7万,96.00%,Android 4.0.3 以上,8.11MB,2017年11月08日,1.9.1
网上购物-商城,同冀商城,1,泉州市三年二班网络科技有限公司,3.7万,暂无,Android 2.2.x 以上,12.85MB,2018年02月12日,1.0
网上购物-商城,移动办公,0,,4.2万,暂无,Android 4.1.x 以上,57.8MB,2017年11月14日,1.6.0
网上购物-商城,小伶玩具,3,上海伶可文化传播有限公司,5.6万,67.00%,Android 4.4.4 以上,12.55MB,2018年03月21日,1.3.2
网上购物-商城,醒购,171,厦门聚买网络科技有限公司,54万,93.00%,Android 4.1.x 以上,14.11MB,2018年03月24日,2.2.5
网上购物-商城,春水堂,779,北京春水堂商业连锁有限公司,318.6万,99.00%,Android 2.3.7 以上,21.25MB,2018年03月09日,3.4.0
网上购物-商城-优惠,美丽说,469,美丽联合（北京）科技有限公司,1210.6万,80.00%,Android 4.0.2 以上,35.78MB,2018年04月02日,9.5.0.2024
网上购物-商城,猎趣,878,北京猎趣电子商务有限公司,65.8万,98.00%,Android 4.0.3 以上,10.18MB,2018年03月07日,3.8.6
网上购物-商城,51闪电购,0,杭州许旺电子商务有限公司,9060,暂无,Android 4.1.x 以上,22.69MB,2018年04月08日,1.0.3
网上购物-商城,美食买手,1,湖南索象网络营销有限公司,2.1万,暂无,Android 4.1.x 以上,13.6MB,2018年03月06日,1.1.2
网上购物-商城-优惠,快乐购,229,快乐购物股份有限公司,117.8万,94.00%,Android 4.1.x 以上,36.36MB,2018年04月03日,7.5.4
网上购物-商城,大润发,1,上海飞牛集达电子商务有限公司,13.8万,100.00%,Android 4.0.2 以上,14.81MB,2018年02月06日,2.3.0
网上购物-商城,孔夫子旧书网,26,北京古城堡图书有限公司,61.1万,46.00%,Android 3.1.0 以上,9.4MB,2018年04月08日,2.0.15
网上购物-商城,优衣库,4,迅销（中国）商贸有限公司,237.1万,40.00%,Android 4.0.2 以上,10.26MB,2018年03月15日,3.1.2
网上购物-商城,魔游游手游交易,8,北京传美科技有限公司,136.1万,42.00%,Android 4.0.2 以上,10.11MB,2018年02月12日,7.3.1
网上购物-商城,华润通,0,华润网络(深圳)有限公司,11.6万,暂无,Android 4.4.4 以上,31.48MB,2018年03月20日,2.6.0
网上购物-商城,家乐福商城,10,家乐福（上海）电子商务有限公司,21.2万,暂无,Android 4.1.x 以上,9.37MB,2017年12月05日,2.6.0
网上购物-商城,穿衣搭配,60,北京一点网聚信息技术有限公司,65万,75.00%,Android 4.0.3 以上,15.09MB,2017年08月14日,4.1.0.0
网上购物-商城,TPS商城,3,深圳前海云集品电子商务有限公司,23.8万,100.00%,Android 4.4.4 以上,13.34MB,2018年02月06日,1.3.013
网上购物-商城,海尔优家,1,重庆海尔家电销售有限公司,143.8万,50.00%,Android 4.0.2 以上,43.75MB,2018年03月27日,3.5.2
网上购物-商城,铁甲二手机,2,铁甲信息技术（北京）有限公司,29.2万,100.00%,Android 4.0.2 以上,21.3MB,2018年04月02日,2.6.4
网上购物-商城,微商,-5,深圳生晟科技有限公司,196.6万,39.00%,Android 2.2.x 以上,1.61MB,2014年09月02日,2.0.2
网上购物-商城,中粮我买网,505,中粮海优（北京）有限公司,214.9万,98.00%,Android 4.0.2 以上,13.77MB,2018年04月09日,3.8.5
网上购物-商城,万表手表商城,26,广州市万表科技股份有限公司,710.7万,52.00%,Android 4.0.2 以上,21.5MB,2018年03月16日,3.1.2
网上购物-商城,乐友,-1,上海婴启电子商务有限公司,45.8万,暂无,Android 4.0.3 以上,26.42MB,2018年04月02日,4.2.6
网上购物-商城,点评管家,5,上海汉涛信息咨询有限公司,142.4万,暂无,Android 4.1.x 以上,19.33MB,2018年03月12日,7.2.5
网上购物-商城,梦幻西游2游戏通,0,广州畅悦网络科技有限公司,12.4万,暂无,Android 2.2.x 以上,1.93MB,2014年09月02日,1.0
网上购物-商城,农一网,1,农一电子商务（北京）有限公司,6.1万,暂无,Android 4.0.2 以上,38.15MB,2018年04月09日,1.9.5
网上购物-商城,车e族,8,中石化森美（福建）石油有限公司,29.8万,48.00%,Android 4.0.3 以上,15.42MB,2018年04月02日,2.5.4
网上购物-商城,优托邦,0,广州市高德花花置业有限公司,2.6万,暂无,Android 4.1.x 以上,18.98MB,2018年03月09日,2.3.0
网上购物-商城,苏宁小店,0,苏宁云商集团股份有限公司,2.1万,暂无,Android 4.0.2 以上,34.49MB,2018年03月31日,3.5.8
网上购物-商城,工品汇分销,0,苏州工品汇信息科技有限公司,2.3万,暂无,Android 4.1.x 以上,25.94MB,2018年04月02日,2.2.0
网上购物-商城,360商城,15,深圳奇虎健安智能科技有限公司,87.6万,58.00%,Android 4.0.3 以上,6.34MB,2018年02月26日,4.1.2
网上购物-商城-优惠,好乐买,13,天津好乐买信息技术有限公司,138.3万,48.00%,Android 4.0.3 以上,37.55MB,2018年03月15日,4.8.3
网上购物-商城,九机网,4,叁玖网络科技有限公司,24万,80.00%,Android 4.2.x 以上,35.36MB,2018年04月10日,3.2.7
网上购物-商城-优惠,东方购物,14,上海东方电视购物有限公司,90.9万,75.00%,Android 4.1.x 以上,25.79MB,2018年04月09日,4.4.4
网上购物-商城,魅族商城,0,珠海市魅族通讯设备有限公司,1.2万,暂无,Android 4.4.4 以上,6.99MB,2018年04月04日,3.2.01
网上购物-商城-优惠,齐家,1727,上海齐家网信息科技股份有限公司,133.2万,100.00%,Android 4.1.x 以上,9.05MB,2018年03月13日,2.9.4
网上购物-商城,飞凡,169,上海新飞凡电子商务有限公司,446.9万,66.00%,Android 4.2.x 以上,72.51MB,2018年02月09日,4.28.0.0
网上购物-商城,BAZIRIM,2,新疆讯百信息科技有限公司,6.2万,暂无,Android 4.0.2 以上,16.24MB,2018年03月19日,4.1.0
网上购物-商城,H&M;,5,海恩斯莫里斯（上海）商业有限公司,55.5万,暂无,Android 4.4.4 以上,13.32MB,2018年03月12日,9.1.0
网上购物-商城,达令家,0,北京汇邦实尚商贸有限公司,1.3万,暂无,Android 4.1.x 以上,13.26MB,2018年04月08日,1.0.6
网上购物-商城,永辉超市,2,永辉超市股份有限公司,6.4万,50.00%,Android 2.2.x 以上,4.44MB,2014年09月02日,1.3.0
网上购物-商城,1688,0,,5910,暂无,Android 4.0.2 以上,9.59MB,2017年12月15日,1.2.0
网上购物-商城,U礼,0,北京礼悦优购贸易有限公司,9000,暂无,Android 3.0.0 以上,7.85MB,2016年01月25日,1.0.4
网上购物-商城,给你花极速版,48,北京鼎力创世科技有限公司,99.3万,49.00%,Android 4.0.2 以上,12.56MB,2018年03月26日,3.4.5
网上购物-商城,泡泡,651,安徽泡泡网络科技有限公司,157万,70.00%,Android 4.1.x 以上,14.99MB,2016年12月08日,4.7.2
网上购物-商城,一番街,0,福建一番街电子商务有限公司,4860,暂无,Android 4.0.3 以上,19.3MB,2018年04月08日,2.0.0
网上购物-商城,猪易通,5,北京日普乐农牧科技有限公司,56.4万,75.00%,Android 4.0.2 以上,31.75MB,2018年02月10日,6.4.0
网上购物-商城,全球速卖通 AliExpress,10,来自互联网,13万,暂无,Android 4.0.2 以上,40.38MB,2017年12月20日,6.3.0
网上购物-商城,真真海淘,252,北京真真科技有限公司,24.5万,100.00%,Android 4.1.x 以上,37.8MB,2018年04月01日,2.2.0
网上购物-商城,DD373游戏交易平台,3,新乡市嘟嘟网络技术有限公司,18.7万,暂无,Android 4.0.2 以上,2.4MB,2016年02月06日,1.5.4
网上购物-商城,销巴生活,0,浙江销巴科技有限公司,2.3万,暂无,Android 4.1.x 以上,39.69MB,2018年04月04日,1.1.8
网上购物-商城,云汇聚,0,河南云汇聚网络科技有限公司,7950,暂无,Android 4.0.3 以上,28.71MB,2018年02月01日,1.7.2
网上购物-商城,tt海购,0,新蛋信息技术（中国）有限公司,6015,暂无,Android 4.1.x 以上,22.55MB,2018年04月02日,1.0.14
网上购物-商城,中云动力,0,湖北中云动力网络科技有限公司,1.4万,暂无,Android 2.2.x 以上,3.71MB,2018年02月01日,3.2.5
网上购物-商城,美期分期,0,义乌市乐途网络科技有限公司,3600,暂无,Android 4.0.2 以上,21.95MB,2018年03月26日,1.1.1
网上购物-商城,趣网情趣两性商城,365,重庆鸿巨网络科技有限公司,183.3万,42.00%,Android 4.1.x 以上,15.93MB,2018年01月12日,3.5.1
网上购物-商城,惠拍优品,965,深圳市闪拍精灵网络技术有限公司,3975,100.00%,Android 4.0.3 以上,10.25MB,2018年02月06日,1.2.2
网上购物-商城,精选速购,-9,广州精选速购网络科技有限公司,31.2万,67.00%,Android 4.0.2 以上,18.22MB,2018年02月11日,1.5.9
网上购物-商城-优惠,安利数码港,18,,72.3万,50.00%,Android 4.0.3 以上,38.05MB,2018年02月02日,3.47.0
网上购物-商城,优品惠优购物,325,北京优品惠网络科技有限公司,72.3万,92.00%,Android 4.0.2 以上,33.86MB,2018年03月07日,3.6.18
网上购物-商城,H&M;客户端,15,H&M官网,32.2万,8.00%,Android 4.0.3 以上,8.82MB,2017年12月12日,2.42
网上购物-商城-优惠-全球导购,洋码头,209,上海洋码头网络技术有限公司,87.2万,82.00%,Android 4.1.x 以上,36.6MB,2018年04月03日,5.1.0
网上购物-商城,华强北商城,5,深圳市华强北在线商务有限公司,11.6万,50.00%,Android 4.0.2 以上,9.55MB,2016年12月21日,2.2
网上购物-商城,搜款网,3,广州维胜信息技术有限公司,1.5万,48.00%,Android 4.0.2 以上,10.17MB,2018年03月20日,1.3.10
网上购物-商城,我要做网店,2,上海轩颐网络科技有限公司,11.3万,100.00%,Android 4.1.x 以上,11.77MB,2017年04月07日,0.2.23
网上购物-商城,农商友,2,深圳谷登科技有限公司,4.4万,暂无,Android 4.0.2 以上,12.59MB,2017年02月22日,1.5.3
网上购物-商城,都优乐,0,四川都优乐亚网络科技有限公司,3975,暂无,Android 4.2.x 以上,40.56MB,2018年03月12日,1.3.2
网上购物-商城,本来生活,24,上海本来生活信息科技有限公司,91.9万,46.00%,Android 4.1.x 以上,22.32MB,2018年02月07日,3.6.0
网上购物-商城,杀价牛,2,上海赢元互联网金融信息服务有限公司,9390,暂无,Android 2.3.2 以上,15.99MB,2018年03月16日,3.0.0
网上购物-商城,二手集,6,北京奇帮信息技术有限公司,10.7万,48.00%,Android 2.2.x 以上,5.58MB,2018年01月03日,3.1.4
网上购物-商城,天天果园,14,上海天天鲜果电子商务有限公司,175.9万,暂无,Android 4.0.3 以上,28.4MB,2018年03月08日,5.9.5
网上购物-商城,顺联动力,8,浙江顺联网络科技有限公司,11.2万,100.00%,Android 4.0.2 以上,27.53MB,2018年03月21日,1.8.0
网上购物-商城,美图美妆,977,厦门美图科技有限公司,6.4万,100.00%,Android 4.3.x 以上,39.08MB,2018年03月28日,2.4.1
网上购物-商城,神州买买车,0,神州买卖车（平潭）电子商务有限公司,1.9万,暂无,Android 4.0.3 以上,2.2MB,2018年04月02日,1.1.0
网上购物-商城,来花呗分期购,0,北京水泽林投资咨询有限公司,5205,暂无,Android 4.2.x 以上,16.9MB,2018年04月09日,1.3.0
网上购物-商城,居居侠,1,北京都市生活电子商务有限公司,1.5万,暂无,Android 4.0.3 以上,10.48MB,2018年04月02日,2.3.7
网上购物-商城,沃尔玛,7,沃尔玛（中国）投资有限公司,14.4万,39.00%,Android 4.0.2 以上,15.91MB,2017年06月07日,1.8.1
网上购物-商城,互联网家,2,中国联合网络通信有限公司广东省分公司,1.7万,50.00%,Android 4.0.3 以上,56.96MB,2018年03月23日,2.0.9
网上购物-商城,一元夺宝,7,北京极客梦想科技有限公司,16.8万,39.00%,Android 4.0.2 以上,7.93MB,2016年09月20日,2.7.0
网上购物-商城,寻秦集,5,深圳微品致远信息科技有限公司,10.9万,暂无,Android 4.0.2 以上,19.08MB,2018年03月05日,3.4.9
网上购物-商城,Wish购物,12,来自互联网,18.8万,67.00%,Android 4.1.x 以上,13.81MB,2018年03月12日,4.16.0
网上购物-商城,由你购,46,优友电子商务（深圳）有限公司,68.3万,55.00%,Android 4.1.x 以上,32.78MB,2018年03月16日,6.1.1
网上购物-商城,网优二手网,12,江西网优科技股份有限公司,4.6万,100.00%,Android 4.0.2 以上,15.6MB,2018年03月26日,4.6.1
网上购物-商城,ZARA,9,来自互联网,16.5万,75.00%,Android 4.1.x 以上,30.76MB,2018年03月07日,3.5.2
网上购物-商城,梵大云商,0,广州梵大云商计算机服务有限公司,2895,暂无,Android 4.0.3 以上,20.3MB,2018年03月27日,1.2.2
网上购物-商城,美乐乐,18,天津美维信息技术有限公司,26.7万,55.00%,Android 4.0.2 以上,13.05MB,2018年03月31日,5.6
网上购物-商城,小草情趣商城,279,重庆鸿巨网络科技有限公司,66.6万,100.00%,Android 4.1.x 以上,15.95MB,2018年01月18日,3.5.1
网上购物-商城,一四校园,1,芜湖一四校电子商务有限公司,4050,100.00%,Android 2.3.2 以上,3.79MB,2018年03月15日,0.0.26
网上购物-商城,EYEE蜂潮,171,上海砸立电子商务有限公司,64.9万,6.00%,Android 4.0.3 以上,44.24MB,2018年04月02日,2.3.9
网上购物-商城,男衣邦,106,上海若美网络科技有限公司,12万,98.00%,Android 4.0.3 以上,17.55MB,2018年03月29日,4.1.0
网上购物-商城,一元夺宝,34,吉林市庆松科技有限公司,20万,80.00%,Android 2.3.2 以上,1.41MB,2016年09月27日,2.1.2
网上购物-商城,真珠美学,0,深圳市系比思网络科技有限公司,5880,暂无,Android 2.2.x 以上,4.78MB,2018年03月08日,2.1.8
网上购物-商城,1919快喝,2,四川快喝电子商务有限公司,7.8万,100.00%,Android 4.1.x 以上,20.52MB,2018年03月30日,5.5.0
网上购物-商城,1号社区,3,深圳市零壹移动互联系统有限公司,7.5万,67.00%,Android 4.1.x 以上,50.77MB,2018年03月19日,4.8.1
网上购物-商城,云集,0,,7.6万,暂无,Android 3.0.0 以上,9.72MB,2015年11月21日,2.0
网上购物-商城,一刻千金,43,上海拿米金融信息服务有限公司,52.5万,89.00%,Android 4.1.x 以上,32.85MB,2018年03月21日,2.6.6
网上购物-商城,二手货网,8,南京全网物联,12.2万,暂无,Android 2.2.x 以上,2.48MB,2014年09月02日,3.0.1
网上购物-商城,联想商城,9,联想（北京）有限公司,26.2万,暂无,Android 2.2.x 以上,2.9MB,2014年09月02日,1.1
网上购物-商城,掌上金鹰,0,金鹰国际商贸集团(中国)有限公司,57万,暂无,Android 4.0.2 以上,17.58MB,2018年01月26日,5.98
网上购物-商城,有赞微商城,67,杭州有赞科技有限公司,69.7万,64.00%,Android 4.1.x 以上,18.23MB,2018年03月23日,3.25.3
网上购物-商城,我转,294,武汉市闲转信息技术有限公司,61.2万,100.00%,Android 4.1.x 以上,13.48MB,2017年12月08日,1.0.2
网上购物-商城,众筹网,13,北京网信众筹网络科技有限公司,59万,100.00%,Android 4.1.x 以上,16.29MB,2018年01月02日,6.1.4
网上购物-商城,聚鲨环球精选,23,北京环球国广媒体科技有限公司,7.2万,79.00%,Android 4.0.3 以上,15.07MB,2018年04月09日,3.5.1
网上购物-商城,优购时尚商城,51,优购科技有限公司,164万,49.00%,Android 4.0.2 以上,20.23MB,2018年01月08日,4.2.3
网上购物-商城,Ola,120,广州极物优品科技有限公司,1.5万,99.00%,Android 4.2.x 以上,16.45MB,2018年03月15日,1.0.6
网上购物-商城,万家灯火,0,云南鼎言科技有限公司,3.1万,暂无,Android 2.2.x 以上,1.06MB,2014年11月10日,v1.8.0.0807
网上购物-商城,8天,16,江苏八天软件技术有限公司,49.8万,51.00%,Android 4.0.3 以上,12.86MB,2018年03月05日,4.0.7
网上购物-商城,达人店,-3,杭州云若网络科技有限公司,4.2万,100.00%,Android 4.0.3 以上,13.84MB,2018年03月14日,3.7.0
网上购物-商城,乐视商城,1,乐视网信息技术（北京）股份有限公司,188.1万,40.00%,Android 4.1.x 以上,26.69MB,2018年03月26日,1.7.8
网上购物-商城,脉宝云店,5,西藏脉道网络科技股份有限公司,4.6万,100.00%,Android 4.1.x 以上,13.35MB,2018年03月30日,1.5.6
网上购物-商城,凡客,105,凡客诚品（北京）科技有限公司,146.4万,50.00%,Android 4.4.4 以上,9.62MB,2018年03月21日,5.2.8
网上购物-商城,交易虎,1,绍兴迅虎网络科技有限公司,9285,100.00%,Android 4.0.3 以上,4.89MB,2018年03月28日,1.1.4
网上购物-商城,7788商城,0,福州九九七七八八网络技术有限公司,1.6万,暂无,Android 4.0.2 以上,6.66MB,2017年08月18日,1.1.3
网上购物-商城,食行生鲜,0,江苏随易信息科技有限公司,13.1万,暂无,Android 4.0.2 以上,23.69MB,2018年03月19日,4.1.6
网上购物-商城,UU898,2,郑州市中奥网络技术有限公司,22.5万,50.00%,Android 4.1.x 以上,8.96MB,2017年08月23日,3.0.0
网上购物-商城,小鱼定制,70,北京无二科技有限公司,1.9万,98.00%,Android 4.0.3 以上,33.06MB,2018年04月09日,1.2.3
网上购物-商城,一元街,51,深圳乐兑信息科技有限公司,658.4万,60.00%,Android 2.2.x 以上,6.68MB,2016年01月19日,2.2.4
网上购物-商城,返利助手,-85,北京小萌无线科技有限公司,32.9万,66.00%,Android 4.0.3 以上,9.95MB,2018年04月03日,6.6.1
网上购物-商城,壹壹互联,0,深圳市大微互联科技有限公司,3660,暂无,Android 4.0.2 以上,8MB,2018年02月02日,1.0.0
网上购物-商城,一点万象,1,华润（深圳）有限公司,2.9万,暂无,Android 4.1.x 以上,11.72MB,2018年03月27日,2.5.0
网上购物-商城,顺丰大当家,1034,深圳市顺丰大当家科技有限公司,53.5万,89.00%,Android 4.3.x 以上,33.43MB,2018年03月19日,2.3.1
网上购物-商城,可得眼镜,0,上海可得光学科技有限公司,10.8万,暂无,Android 4.2.x 以上,62.12MB,2018年03月19日,2.8.6
网上购物-商城,车置宝车商版,0,江苏车置宝信息科技股份有限公司,3.8万,暂无,Android 4.1.x 以上,20.96MB,2018年04月08日,3.20.6
网上购物-商城,便利蜂,0,虫极科技（北京）有限公司,2.1万,暂无,Android 4.1.x 以上,34.12MB,2018年03月26日,2.3.5
网上购物-商城,康宝莱订购,93,康宝莱（上海）管理有限公司,2.7万,53.00%,Android 4.1.x 以上,11.44MB,2018年04月10日,1.0.3516
网上购物-商城,同城商城,1,,1.6万,暂无,Android 4.0.3 以上,4.81MB,2016年09月03日,1.0
网上购物-商城,厂多多,130,厂多多网络科技（深圳）有限公司,37万,97.00%,Android 4.4.4 以上,15.83MB,2018年04月10日,2.1.0
网上购物-商城,家乐园速购,1,河北家乐园信息技术服务有限公司,9.8万,100.00%,Android 2.3.7 以上,16.59MB,2018年03月02日,3.4.03
网上购物-商城,旧淘,8,,7.8万,暂无,Android 3.0.0 以上,3.68MB,2015年01月30日,1.3
网上购物-商城,快方送药,1,北京快方科技有限公司,18.1万,100.00%,Android 4.0.3 以上,5.49MB,2018年03月08日,3.2.7
网上购物-商城,碧斯诺兰,0,,6735,暂无,Android 4.0.3 以上,32.48MB,2017年11月28日,2.0.0
网上购物-商城-团购-优惠,有赞微小店,299,杭州有赞科技有限公司,74.7万,67.00%,Android 4.1.x 以上,9.7MB,2018年02月09日,2.2.6
网上购物-团购-优惠,美团,10681,北京三快科技有限公司,2.1亿,66.00%,Android 4.1.x 以上,68.32MB,2018年03月27日,9.1.2
网上购物-商城-团购-优惠,当当,110,北京当当科文电子商务有限公司,1786.2万,55.00%,Android 4.0.2 以上,33.2MB,2018年04月08日,8.4.0
网上购物-团购-优惠,大众点评,2853,汉诚信息技术（上海）有限公司,8463万,96.00%,Android 4.1.x 以上,52.57MB,2018年03月14日,9.10.6
网上购物-商城-团购-优惠-全球导购,一淘,5127,淘宝（中国）软件有限公司,1302.1万,90.00%,Android 4.0.3 以上,21.45MB,2018年04月04日,8.4.2
网上购物-团购-优惠,返利,4317,上海中彦信息科技有限公司,1762.8万,91.00%,Android 4.0.2 以上,39.23MB,2018年03月22日,6.7.0
网上购物-团购,百度外卖,263,北京小度信息科技有限公司,3520.2万,42.00%,Android 4.1.x 以上,16.64MB,2018年03月29日,4.16.0
网上购物-团购-优惠,百度糯米,10499,北京百度糯米信息技术有限公司,7033.7万,96.00%,Android 4.3.x 以上,31.5MB,2018年03月20日,8.2.1
网上购物-商城-团购-优惠,楚楚街,215,北京醋溜网络科技股份有限公司,824.9万,53.00%,Android 4.1.x 以上,38.17MB,2018年03月29日,3.22
网上购物-商城-团购-优惠,折800,2128,团博百众（北京）科技有限公司,2404.3万,51.00%,Android 4.1.x 以上,26.2MB,2018年03月14日,4.35.0
网上购物-商城-团购,淘手游,27,贵州指趣网络科技有限公司,125.4万,75.00%,Android 4.0.3 以上,9.48MB,2018年03月28日,2.4.3
网上购物-团购-优惠,聚划算,218,浙江天猫技术有限公司,1363.5万,36.00%,Android 4.0.2 以上,22.49MB,2018年03月29日,5.32.0
网上购物-团购,Nike SNKRS,3,耐克商业（中国）有限公司,2.6万,67.00%,Android 4.4.4 以上,39.51MB,2018年03月14日,2.0.2
网上购物-团购,美团开店宝,20,北京三快在线科技有限公司,511.3万,40.00%,Android 4.1.x 以上,25.98MB,2018年03月12日,6.6.2
网上购物-商城-团购-优惠,柚子街,222,厦门美柚信息科技有限公司,134.4万,97.00%,Android 4.0.3 以上,23.05MB,2018年02月07日,2.4.9
网上购物-团购-优惠,穿衣助手,844,上海优梦信息科技有限公司,791.5万,57.00%,Android 4.1.x 以上,42.56MB,2018年03月26日,11.13.1
网上购物-团购,一手服装批发网,1645,广州富米科技有限公司,8.3万,100.00%,Android 4.0.3 以上,13.13MB,2018年04月07日,2.3.0
网上购物-团购,天天拼货团,449,广州市酷有网络技术有限公司,7.9万,100.00%,Android 4.4.4 以上,15.46MB,2018年04月08日,3.2
网上购物-团购-优惠-快递,富友收件宝,51,上海富友支付服务有限公司,168.4万,8.00%,Android 4.0.2 以上,9.03MB,2018年03月20日,3.0.6
网上购物-团购,屈臣氏莴笋,547,武汉屈臣氏个人用品商店有限公司,159.3万,99.00%,Android 4.0.2 以上,36.24MB,2018年03月09日,3.2.0
网上购物-团购,超级淘,152,东莞市超级淘电子商务有限公司,10万,67.00%,Android 4.2.x 以上,44.61MB,2018年03月27日,1.10.40
网上购物-团购,美团酒店商家,1,北京三快科技有限公司,16.2万,100.00%,Android 4.1.x 以上,15.37MB,2018年04月03日,3.6.1
网上购物-团购,拉手团购,106,北京拉手网络技术有限公司,477.9万,65.00%,Android 3.2.x 以上,13.92MB,2017年11月23日,7.50
网上购物-团购,百度糯米商家,6,北京百度糯米信息技术有限公司,84.5万,暂无,Android 4.0.2 以上,31.89MB,2018年02月09日,4.5.0
网上购物-团购,窝窝,-1,北京闪惠信息技术有限公司,5.9万,暂无,Android 2.3.7 以上,13.92MB,2017年12月27日,5.7.5
网上购物-团购-优惠,米折,392,北京风之文化传媒有限公司,922万,54.00%,Android 4.0.2 以上,10.72MB,2017年06月28日,6.1.0
网上购物-商城-团购-优惠,有赞微小店,299,杭州有赞科技有限公司,74.7万,67.00%,Android 4.1.x 以上,9.7MB,2018年02月09日,2.2.6
网上购物-团购,全民优惠,471,上海青墨网络科技有限公司,287万,93.00%,Android 4.0.2 以上,13.31MB,2017年09月05日,4.0.4
网上购物-团购,联掌门户,1,联掌门户网络科技有限公司,3.9万,暂无,Android 4.1.x 以上,20.28MB,2018年02月22日,3.2.1
网上购物-团购,nubia商城,6,努比亚技术有限公司,14.9万,50.00%,Android 4.4.4 以上,8.28MB,2018年04月03日,1.4.7.0408
网上购物-团购,拼省省,1,厦门二家居会网络科技有限公司,3135,暂无,Android 4.0.3 以上,5.83MB,2017年12月28日,2.0.3
网上购物-团购,美团团购Pad版_美食电影团购优惠,6,北京三快科技有限公司,35.7万,暂无,Android 2.3.2 以上,10.98MB,2015年02月28日,5.4
网上购物-商城-团购-优惠,萌店,91,上海萌店信息科技有限公司,184.7万,53.00%,Android 4.0.2 以上,34.79MB,2017年11月27日,4.10.1
网上购物-团购,美团拍店,11,北京三快在线科技有限公司,5.3万,88.00%,Android 4.1.x 以上,7.78MB,2017年11月18日,3.9.1
网上购物-团购-优惠,窝窝团,104,北京窝窝团信息技术有限公司,367.1万,39.00%,Android 2.2.x 以上,5.33MB,2016年05月17日,5.3.0
网上购物-团购,鱼乐贝贝,1,北京鱼乐贝贝教育科技有限公司,5.2万,暂无,Android 2.2.x 以上,3MB,2014年09月02日,2.0
网上购物-团购,屈臣氏中国,19,武汉屈臣氏个人用品商店有限公司昆山第二分公司,30.3万,59.00%,Android 4.2.x 以上,27.1MB,2017年11月20日,7.5
网上购物-团购,拼趣多,2,深圳市前海朵莓网络科技有限公司,4.6万,100.00%,Android 4.4.4 以上,15.75MB,2018年04月08日,2.4.1
网上购物-商城-团购,乐蜂网,106,乐蜂（上海）信息技术有限公司,167.1万,100.00%,Android 4.1.x 以上,28.95MB,2018年01月30日,5.8.0
网上购物-团购,超级淘PRO,3,东莞市超级淘电子商务有限公司,5265,100.00%,Android 4.2.x 以上,44.66MB,2018年04月10日,1.10.50
网上购物-团购-优惠,实惠,132,杭州酷跃科技有限公司,175.7万,66.00%,Android 4.0.2 以上,24.5MB,2018年04月02日,3.5.0
网上购物-团购-优惠,团800,127,团800,135.7万,8.00%,Android 2.2.x 以上,7.03MB,2015年01月31日,6.1.1
网上购物-团购,啊客扎咪商家,0,怒江斯辰网络科技有限公司,2130,暂无,Android 2.3.2 以上,9.13MB,2017年07月21日,1.0.11
网上购物-团购,券券优惠券,0,无锡摩笔世纪科技有限公司,3960,暂无,Android 4.0.3 以上,12.4MB,2018年03月30日,4.5
网上购物-团购,出厂价,0,,1095,暂无,Android 2.2.x 以上,10.99MB,2015年03月13日,1.0.0.5
网上购物-团购,Babyun3,-1,南京贝贝云网络科技有限公司,4.7万,暂无,Android 4.0.2 以上,24.97MB,2017年06月15日,3.4.5
网上购物-团购,奋斗猫,2,陕西奋斗猫网络技术有限公司,7860,暂无,Android 4.4.4 以上,18.91MB,2018年03月24日,3.1.20180323
网上购物-团购-优惠,惠品折,155,杭州双静网络技术服务有限公司,349.4万,63.00%,Android 4.0.2 以上,1.46MB,2017年05月08日,4.0
网上购物-团购,百度团购,762,百度在线网络技术（北京）有限公司,45.7万,99.00%,Android 2.2.x 以上,13.2MB,2015年01月30日,4.3.0
网上购物-团购,红包夺宝,121,北京点开科技有限公司,62.6万,99.00%,Android 4.0.2 以上,13.94MB,2017年08月21日,2.0.8
网上购物-团购,迪信通,-2,北京迪信通商贸股份有限公司,44万,100.00%,Android 4.1.x 以上,25.19MB,2017年12月18日,3.2.2
网上购物-团购,岑溪人家,0,,3330,暂无,Android 2.3.7 以上,23.57MB,2016年12月25日,2.2.0
网上购物-商城-团购,易迅网,106,易迅网,167.8万,43.00%,Android 4.1.x 以上,13.53MB,2017年03月22日,v3.2.7
网上购物-团购,淘工厂,0,,1170,暂无,Android 4.1.x 以上,6.32MB,2016年09月03日,1.13
网上购物-商城-团购-优惠,正点购,19,广州品唯软件有限公司,51万,50.00%,Android 4.0.2 以上,8.43MB,2016年07月22日,3.8.1
网上购物-团购,团购,97,轻电商,22.2万,暂无,Android 2.2.x 以上,3.25MB,2015年08月12日,3.1.4
网上购物-团购,特唯普电子烟健康管家,1,成都搜酷科技有限公司,1440,暂无,Android 3.0.0 以上,1.44MB,2015年12月30日,2.6
网上购物-团购,1元快抢,0,,855,暂无,Android 4.0.2 以上,666.99KB,2016年09月04日,1.2.0
网上购物-商城-团购-优惠,棠丝Tangsi,0,,452,暂无,Android 2.2.x 以上,4.68MB,2016年08月27日,1.6.9
网上购物-团购,易佳购,0,联盛易佳电子商务有限公司,4050,暂无,Android 4.0.2 以上,6.57MB,2018年03月15日,3.1.2
网上购物-团购,团购网,0,王毅,2.1万,暂无,Android 2.1.0 以上,160.16KB,2014年09月02日,1.0
网上购物-团购,威海八爪团,4,威海新正网络技术有限公司,6.8万,48.00%,Android 1.6.0 以上,18.29MB,2016年11月28日,04.07.0002
网上购物-团购,惠民通,2,广东车信通科技服务有限公司,3.8万,暂无,Android 3.0.0 以上,28.35MB,2016年11月14日,1.3.4
网上购物-团购,抢多多1元购物神器,103,深圳太惊喜科技有限公司,1.4万,100.00%,Android 4.1.x 以上,10.02MB,2017年08月14日,1.0.1
网上购物-团购,澜s,1,麦澜德,705,100.00%,Android 4.4.4 以上,13.96MB,2017年06月15日,3.1.8
网上购物-团购,超市宝商家,0,沈阳笨鸟电子商务服务有限公司,300,暂无,Android 1.5.0 以上,5.46MB,2018年01月11日,1.8
网上购物-团购,惠来钱,0,济南心引力网络科技有限公司,2550,暂无,Android 4.0.3 以上,7.07MB,2018年03月27日,5.2.2
网上购物-团购,鱼乐圈,0,长沙泉水网络科技有限公司,873,暂无,Android 2.2.x 以上,3.28MB,2017年11月13日,2.0
网上购物-团购,微泗洪,0,泗洪泗州网络科技有限公司,3120,暂无,Android 4.1.x 以上,35.12MB,2017年12月20日,4.2.5
网上购物-团购,嬉牛旅行,0,上海全数网络科技有限公司,315,暂无,Android 4.2.x 以上,15.62MB,2018年03月15日,1.0.9
网上购物-团购,拼趣多商家版,1,深圳市前海朵莓网络科技有限公司,840,暂无,Android 4.4.4 以上,20.07MB,2017年11月06日,1.1.2
网上购物-团购,吃喝玩乐网,0,梦搜移动,2.5万,暂无,Android 2.1.0 以上,3.27MB,2014年09月02日,1.0
网上购物-团购,民情E通正式版,0,温州联线网络科技有限公司,3.7万,暂无,Android 2.3.7 以上,2.88MB,2014年09月02日,1.0.55
网上购物-团购,58信鱼,0,上海禾唐网络科技有限公司,989,暂无,Android 3.1.0 以上,18.16MB,2017年05月19日,3.1.1
网上购物-团购,店连店,3,店连店科技股份有限公司,7.8万,50.00%,Android 4.1.x 以上,14.24MB,2016年05月04日,5.0.6
网上购物-团购,水族汇,1,北京水族汇科技有限公司,7290,暂无,Android 2.3.2 以上,14.22MB,2016年05月03日,1.0.9
网上购物-团购,智慧犍为,0,,1039,暂无,Android 4.0.2 以上,18.77MB,2016年03月24日,1.04
网上购物-团购,1元拼购,0,北京亿元通网络科技有限公司,1305,暂无,Android 3.1.0 以上,4.89MB,2016年12月06日,3.0.9
网上购物-团购,宣汉团购网,0,宣汉县恒信网络服务部,1.1万,暂无,Android 1.6.0 以上,6.62MB,2015年06月05日,05.01.0001
网上购物-团购,乡愁,0,北京恩源科技有限公司,972,暂无,Android 4.0.2 以上,5.74MB,2017年08月22日,1.5.0
网上购物-团购,抢红包,28,动信通（北京）科技有限公司,8280,92.00%,Android 4.0.2 以上,12.88MB,2017年02月08日,4.6.6
网上购物-团购,中华考试网,0,,8310,暂无,Android 2.2.x 以上,1.15MB,2015年05月30日,2.2.2
网上购物-团购-优惠,711团,0,,282,暂无,Android 2.2.x 以上,11.66MB,2016年08月27日,v1.0.0
网上购物-团购,邮我邮箱大全,35,合肥魔方网络科技有限公司,9525,100.00%,Android 2.1.0 以上,4.95MB,2016年04月18日,5.4.5
网上购物-团购,志愿东营区,0,山东福生佳信科技股份有限公司,405,暂无,Android 4.1.x 以上,13.25MB,2018年02月23日,1.4.1
网上购物-团购,会计糖,0,,427,暂无,Android 4.0.2 以上,19.01MB,2016年08月26日,V2.0_16_0202
网上购物-团购,拼得好,-1,汕头市澄海区拼得好文化创意有限公司,6120,暂无,Android 4.4.4 以上,9.65MB,2017年04月10日,1.61
网上购物-团购,福鼎事,0,福鼎市四月天网络技术工作室,437,暂无,Android 4.0.2 以上,20MB,2017年03月16日,3.2.6
网上购物-团购,8181军人网,0,湛江军缘科技有限公司,570,暂无,Android 4.0.2 以上,14.96MB,2017年12月27日,2.5.0
网上购物-团购,数字通 DAP,0,Google Play提供,6525,暂无,Android 4.4.4 以上,38.2MB,2017年08月02日,2017.07.31
网上购物-团购,淘宝HD,14,淘宝中国软件有限公司,33万,53.00%,Android 4.0.2 以上,20.92MB,2015年11月24日,2.6.5
网上购物-团购,青团商家,0,杨凌罗文网络科技有限公司,2.7万,暂无,Android 4.0.2 以上,4.35MB,2016年07月26日,4.1.4
网上购物-团购,爱宠团,2,北京世纪良友网络技术有限公司,1.6万,暂无,Android 4.0.2 以上,8.15MB,2017年12月25日,2.9.1
网上购物-团购,医学电子书包HD,0,北京医视时代科技发展有限公司,1695,暂无,Android 4.1.x 以上,71.68MB,2017年12月21日,3.2.0
网上购物-团购,左邻右舍,0,Google Play提供,673,暂无,Android 4.4.4 以上,5.28MB,2018年02月07日,3.6.2018.0206
网上购物-商城-团购,爱达配送端,0,,1064,暂无,Android 4.0.3 以上,1.19MB,2016年04月25日,1.0
网上购物-团购,娱乐休闲,0,东莞市掌商信息科技有限公司,495,暂无,Android 2.2.x 以上,1.11MB,2016年08月02日,1.2
网上购物-团购,同城通,0,汉源县生活通科技有限公司,85,暂无,Android 4.4.4 以上,20.13MB,2018年03月20日,3.5.20180301
网上购物-团购,WECHGO揪团购,0,,1015,暂无,Android 3.1.0 以上,4.35MB,2016年08月29日,2.0.21
网上购物-团购,手机看店(家),0,Google Play提供,2175,暂无,Android 2.2.x 以上,20.15MB,2018年02月05日,1.07
网上购物-商城-团购,福娃娃,0,北京福居网网络有限公司,907,暂无,Android 2.2.x 以上,13.71MB,2015年12月07日,2.0
网上购物-团购,中华考试网校,0,长沙畅亨信息技术有限公司,2220,暂无,Android 4.0.3 以上,14.62MB,2017年12月08日,1.14
网上购物-团购,欧克欧天天养鱼,0,,510,暂无,Android 3.0.0 以上,5.25MB,2017年12月28日,1.0
网上购物-团购,乐思购,1,北京浩鹏盛世科技有限公司,2490,暂无,Android 2.2.x 以上,2.82MB,2015年08月10日,1.1.01.00
网上购物-团购,八一军婚,0,,4455,暂无,Android 3.0.0 以上,727.54KB,2015年12月09日,1.0
网上购物-团购,爱团房,0,,1082,暂无,Android 2.2.x 以上,11.33MB,2015年12月09日,1.2.7
网上购物-团购,红包一元云购,1,北京汇兴玮艺文化发展有限公司,1275,100.00%,Android 3.0.0 以上,5.67MB,2016年12月14日,1.0.9
网上购物-团购,0750团购网,0,江门市致一科技有限公司,1.7万,暂无,Android 2.1.0 以上,4.67MB,2014年11月11日,2.0
网上购物-团购,康绿全网,1,广西康绿全信息科技有限公司,724,100.00%,Android 4.2.x 以上,28.65MB,2017年12月20日,1.0
网上购物-团购,工地宝,0,广联达软件股份有限公司,405,暂无,Android 4.2.x 以上,5.78MB,2017年05月16日,2.3.0
网上购物-团购,3D上班族大逆袭,0,,568,暂无,Android 2.3.2 以上,23.43MB,2016年12月19日,3.9
网上购物-团购,北京动物园导游,0,广州市驴迹科技有限责任公司,429,暂无,Android 4.1.x 以上,24.57MB,2017年11月14日,1.1.2
网上购物-团购,益路同行,0,中国石油天然气集团公司,4275,暂无,Android 4.4.4 以上,19MB,2018年01月10日,4.0.3
网上购物-团购,折扣宝团购大全,0,北京世纪一家网电子商务有限公司,1.7万,暂无,Android 2.3.7 以上,3.29MB,2015年02月06日,3.8.0
网上购物-商城-团购-优惠,"仙踪林-东单店的团购,优惠...",0,,360,暂无,Android 2.2.x 以上,2.02MB,2015年11月28日,1.2
网上购物-团购,手机店,0,北京梦搜移动通信技术有限公司,1575,暂无,Android 2.3.7 以上,2.16MB,2014年09月02日,1.0
网上购物-团购,哈哈团购,0,聊城哈哈网络科技有限公司,255,暂无,Android 2.3.7 以上,9.33MB,2016年04月29日,4.7.11
网上购物-商城-团购,聚美汇,0,,480,暂无,Android 2.2.x 以上,4.62MB,2016年08月27日,2.0
网上购物-团购,幸运兔脚,0,南京夏恒网络系统有限公司,113,暂无,Android 4.0.3 以上,28.14MB,2017年03月17日,1.7
网上购物-团购,团多多商家,0,府谷县光速网络科技有限公司,1200,暂无,Android 3.0.0 以上,2.16MB,2017年06月12日,2.3.2
网上购物-团购,周边店,0,点成科技,2340,暂无,Android 2.2.x 以上,1.82MB,2014年09月02日,1.4.0
网上购物-团购,阳夏团,0,太康县阳夏传媒有限公司,4.4万,暂无,Android 2.1.0 以上,11.29MB,2015年12月10日,2.8.0
网上购物-团购,城市门户商家,0,河南前沿电子商务有限公司,1470,暂无,Android 2.3.7 以上,3.6MB,2017年03月28日,1.8.2
网上购物-团购,赚享淘,0,广西神域网络科技有限公司,632,暂无,Android 4.0.2 以上,12.03MB,2017年11月23日,1.1.2
网上购物-商城-团购,保税国际,0,河南恒度信息科技有限公司,1245,暂无,Android 2.2.x 以上,11.36MB,2015年12月11日,1.2.2
网上购物-团购,宜嘉医生,0,河南欣宜嘉医疗科技有限公司,810,暂无,Android 4.0.3 以上,22.88MB,2017年11月08日,2.2.2
网上购物-团购,爽联手机控制APP,0,广州市海笛索信息科技有限公司,315,暂无,Android 3.0.0 以上,7.49MB,2017年06月15日,3.8
网上购物-团购,貂蝉团,0,艾建,3840,暂无,Android 1.6.0 以上,1.75MB,2014年09月02日,2.2.123.0.1
网上购物-团购,批多多,0,河南批多多电子商务有限公司,5145,暂无,Android 2.2.x 以上,26MB,2017年04月25日,3.9.4
网上购物-团购-优惠,买优生活,0,南通买优信息科技有限公司,375,暂无,Android 2.1.0 以上,5.68MB,2014年09月10日,v1.6.0
网上购物-商城-团购-优惠,16993夤,0,江苏浚泉优活科技股份有限公司,240,暂无,Android 3.0.0 以上,1.81MB,2015年11月05日,1.4
网上购物-团购,大圣闪送,0,襄城县微生活网络有限公司,546,暂无,Android 4.0.2 以上,10.18MB,2018年03月06日,v8_8
网上购物-团购,现金帐户,0,来自互联网,874,暂无,Android 2.3.7 以上,31.25KB,2014年09月02日,1.0.2
网上购物-团购,制衣网,0,王雄辉,555,暂无,Android 2.1.0 以上,7.78MB,2015年01月31日,1.0
网上购物-商城-团购,乐享生活,0,湖南乐享生活租赁服务有限公司,990,暂无,Android 2.3.2 以上,16.71MB,2015年11月26日,2.0.6
网上购物-团购,菜快跑,0,耒阳市飞马网络科技有限公司,770,暂无,Android 4.0.2 以上,11.62MB,2018年01月10日,10.00.0001
网上购物-商城-团购,一家购物,0,,942,暂无,Android 2.3.7 以上,11.25MB,2015年12月09日,4.7.3
网上购物-团购,牛股先锋,0,北京中资北方投资顾问有限公司,3990,暂无,Android 4.0.2 以上,3.26MB,2017年10月23日,2.1.2
网上购物-团购,徽品云店员,0,安徽徽品云熵信息科技有限公司,225,暂无,Android 4.0.2 以上,9.94MB,2018年01月29日,1.0.0
网上购物-商城-团购,Ucafe,0,重庆云微软件有限公司,660,暂无,Android 4.0.3 以上,18.93MB,2016年08月02日,2.0.4.6
网上购物-商城-团购,爱妈咪孕婴童生活馆,0,南昌掌沃信息科技有限公司,631,暂无,Android 2.2.x 以上,1.27MB,2016年02月29日,1.0
网上购物-团购,塞上团,0,,268,暂无,Android 2.1.0 以上,6.56MB,2016年08月28日,v2.0.2
网上购物-团购,Anti-Virus,0,,1065,暂无,Android 2.3.7 以上,8.89MB,2016年08月28日,1.0
网上购物-团购,民权天天团,0,李力,968,暂无,Android 2.1.0 以上,5.17MB,2014年09月02日,v1.6.0
网上购物-团购,爱锡盟,0,锡林浩特市易动力网络有限责任公司,1.4万,暂无,Android 2.3.7 以上,14.89MB,2016年07月27日,2.9
网上购物-团购,521团购,0,,213,暂无,Android 2.2.x 以上,4.28MB,2016年08月28日,2.1
网上购物-团购,爱身边商家,0,珲春爱身边网络科技有限公司,345,暂无,Android 2.3.2 以上,1.62MB,2015年04月18日,1.1.3
网上购物-团购-优惠,头妈团,0,,315,暂无,Android 2.1.0 以上,9.58MB,2015年12月09日,2.6.2
网上购物-团购,酷炫荧光指南针:AndroiTS Compass Pro,0,,1009,暂无,Android 4.0.2 以上,1.55MB,2016年08月29日,2.11 Pro
网上购物-团购,西秦商家,0,四川智周万维信息科技有限公司,2190,暂无,Android 2.2.x 以上,1.34MB,2015年09月20日,2.4
网上购物-商城-团购-优惠,宿团网,0,宿迁报业网络传媒有限公司,834,暂无,Android 2.2.x 以上,7.09MB,2015年06月08日,4.4.16
网上购物-团购-优惠,酷集商户端,0,六盘水酷集电子商务有限公司,628,暂无,Android 4.0.2 以上,8.54MB,2017年07月04日,1.0.20160919
网上购物-团购,沃的商户,0,山东窗俚缱由涛裼邢薰司,555,暂无,Android 4.1.x 以上,6.75MB,2017年07月17日,1.1.1
网上购物-团购,评道,0,杭州畅撸科技有限公司,751,暂无,Android 2.2.x 以上,8.3MB,2018年04月09日,1.2.21
网上购物-商城-团购-优惠,新颜会员通,0,,258,暂无,Android 2.2.x 以上,3.29MB,2015年07月15日,1.0
网上购物-团购,叮当有房,0,,322,暂无,Android 2.2.x 以上,8.83MB,2015年08月05日,1.0
网上购物-商城-团购-优惠,佳美生活,0,泰安佳美生活电子商务有限公司,960,暂无,Android 3.0.0 以上,7.07MB,2016年03月12日,1.3.8
网上购物-商城-团购,司科团购商家,0,郑州司科计算机科技有限公司,123,暂无,Android 1.6.0 以上,3.58MB,2016年08月02日,04.02.0005
网上购物-商城-团购,易批购,0,云南牛众信息科技有限公司,814,暂无,Android 3.2.x 以上,20.74MB,2016年08月04日,2.0
网上购物-团购,众鑫团商家,0,鹤壁市奇迹企业营销策划有限公司,290,暂无,Android 3.0.0 以上,1.63MB,2016年02月25日,2.3.3
网上购物-团购,瑞安湖岭团购,0,,459,暂无,Android 1.6.0 以上,6.25MB,2015年04月07日,04.01.0006
网上购物-商城-团购-优惠,快商店,0,智趣生活社区服务（北京）有限公司,1635,暂无,Android 4.0.2 以上,8.96MB,2016年06月04日,1.1.1
网上购物-商城-团购-优惠,齐民农圣,0,寿光齐民农圣网络科技有限公司,349,暂无,Android 4.0.3 以上,3.27MB,2017年08月29日,2.1.5
网上购物-团购,中国工程加固,0,,466,暂无,Android 2.2.x 以上,3.2MB,2016年08月20日,1.0
网上购物-团购,班服定制,0,,1590,暂无,Android 2.2.x 以上,589.84KB,2016年08月31日,6.1
网上购物-团购,团购达人,0,北京趣游指尖科技有限公司,8625,暂无,Android 2.0.1 以上,4.44MB,2014年09月02日,1.2.7
网上购物-团购,中国团购在线门户,0,辽宁华诺东方科技有限公司,375,暂无,Android 2.2.x 以上,3.36MB,2014年09月02日,1.1
网上购物-团购,好妈妈团购,0,上海智婷信息技术有限公司,2955,暂无,Android 1.6.0 以上,1.56MB,2014年09月02日,2.2.123.1.1
网上购物-团购-优惠,赶场,0,重庆时迁云计算有限公司,600,暂无,Android 2.2.x 以上,877.93KB,2015年05月05日,v1.8.1.0422
网上购物-商城-团购,馨生活团购,0,,255,暂无,Android 2.1.0 以上,9.56MB,2015年05月20日,2.6.2
网上购物-团购,团VIP,0,,750,暂无,Android 1.6.0 以上,4.91MB,2015年12月09日,04.01.0005
网上购物-商城-团购-优惠,砍多多商户,0,河南砍多多电子商务股份有限公司,800,暂无,Android 4.0.2 以上,11.52MB,2017年01月19日,2.7.0
网上购物-团购,筹啥呢,0,深圳市前海众筹股权服务有限公司,2220,暂无,Android 4.1.x 以上,10.13MB,2017年12月22日,3.1.2
网上购物-团购,沁枫西餐厅,0,,413,暂无,Android 2.2.x 以上,1.36MB,2016年08月20日,1.0
网上购物-团购-优惠,城购汇,0,,30,暂无,Android 2.3.2 以上,3.01MB,2016年08月25日,1.0
网上购物-团购-优惠,酷集,0,六盘水酷集电子商务有限公司,118,暂无,Android 4.1.x 以上,15.87MB,2017年10月23日,1.0.20170424
网上购物-团购,桐梓团购,0,深度网络经济开发有限公司,8325,暂无,Android 2.2.x 以上,3.38MB,2014年09月02日,2.2
网上购物-商城-团购,美顾问会员通,0,湖南美帮网络科技有限公司,4035,暂无,Android 4.0.2 以上,8.47MB,2015年04月28日,2.3.21
网上购物-商城-团购,聚品闪购,0,杭州聚品网络科技有限公司,450,暂无,Android 1.6.0 以上,8.75MB,2014年10月23日,00.00.0137
网上购物-团购,聚惠团购,0,帮学试(北京)科技有限公司,8310,暂无,Android 2.3.2 以上,2.08MB,2015年04月25日,2.0
网上购物-商城-团购-优惠,酷分,0,武汉金益东方科技有限公司,810,暂无,Android 4.0.2 以上,27.29MB,2016年03月29日,2.4.2
网上购物-团购,淮滨团购网,0,,956,暂无,Android 2.2.x 以上,464.84KB,2016年08月25日,v1.9.1.0406
网上购物-商城-团购,团购商城,0,苏州正嘉广告传媒有限公司,1088,暂无,Android 2.2.x 以上,1.66MB,2014年09月02日,1.0
网上购物-商城-团购,大内总管,0,,749,暂无,Android 1.6.0 以上,9.77MB,2015年01月29日,1.0.0
网上购物-团购,浪浪,0,,4095,暂无,Android 4.0.2 以上,7.7MB,2015年12月17日,1.0.2
网上购物-团购,吃喝玩乐温哥华 - Vandiary,0,,1046,暂无,Android 2.3.7 以上,3.93MB,2016年04月26日,1.1.7
网上购物-团购,掌上新农人网,0,,60,暂无,Android 2.2.x 以上,8.11MB,2016年09月04日,1.0
网上购物-商城-团购,小辉夺宝,0,,1047,暂无,Android 2.3.2 以上,4.86MB,2016年09月04日,0.0.4
网上购物-团购,齐啪,0,深圳盛天盟科技有限公司,266,暂无,Android 4.4.4 以上,18.91MB,2018年04月10日,3.0.1
网上购物-团购,一团和气,0,掌上顺德,285,暂无,Android 1.6.0 以上,557.62KB,2014年09月02日,1.1.0
网上购物-团购,高考志愿填报,3,杭州手趣科技有限公司,1.4万,暂无,Android 2.3.7 以上,842.77KB,2014年09月02日,1.5
网上购物-团购,0543团购网,-2,滨州多米网络信息技术有限公司,2730,暂无,Android 2.3.7 以上,5.83MB,2014年11月04日,3.1.8
网上购物-团购,俪人购,8,阿里巴巴俪人购（上海）电子商务有限公司,18.5万,42.00%,Android 4.0.2 以上,9.57MB,2016年06月20日,1.1.0
网上购物-团购,圈圈团购,0,,2835,暂无,Android 2.1.0 以上,6.82MB,2015年03月13日,2.5.3
网上购物-商城-团购-优惠,丁当多商城,0,,759,暂无,Android 3.0.0 以上,7.72MB,2015年12月08日,v1.0.0
网上购物-团购-优惠,长垣团,0,河南省马小马网络科技有限公司,405,暂无,Android 2.3.7 以上,7.59MB,2016年11月21日,4.6.10
网上购物-团购,经视团购会,0,,825,暂无,Android 2.2.x 以上,5.56MB,2016年01月12日,2.0
网上购物-团购,广电商家宝,0,南京广电猫猫新媒体有限公司,532,暂无,Android 2.3.2 以上,4.51MB,2017年11月12日,1.1.4
网上购物-商城-团购,城乡连线,0,安阳牧牛童网络科技有限公司,937,暂无,Android 2.3.2 以上,11.27MB,2016年12月13日,1.1.7
网上购物-商城-团购,国民夺宝,0,温州瑞舟全购科技有限公司,414,暂无,Android 4.0.2 以上,2.22MB,2016年10月26日,1.09
网上购物-团购,青岛啤酒宅急送,0,,1050,暂无,Android 2.2.x 以上,1.77MB,2016年08月29日,2.2.0
网上购物-商城-团购,虚拟航空,0,,281,暂无,Android 1.6.0 以上,1.55MB,2016年08月31日,00.00.0001
网上购物-团购,今团,0,山东金搏传媒,780,暂无,Android 2.2.x 以上,4.66MB,2014年09月02日,v1.5.0
网上购物-商城-团购-优惠,易多团,0,威海新天地文化传媒有限公司,279,暂无,Android 2.1.0 以上,5.48MB,2014年09月05日,v1.6.0
网上购物-商城-团购,李记羊蝎子,0,北京汇点互联科技发展有限公司,1215,暂无,Android 2.3.2 以上,5.16MB,2014年11月10日,1.01
网上购物-商城-团购-优惠,亚龙惠淘商城,0,,225,暂无,Android 2.2.x 以上,1.27MB,2015年11月27日,1.0
网上购物-商城-团购-优惠,松滋秀,0,,824,暂无,Android 2.1.0 以上,833.01KB,2015年11月29日,1.0
网上购物-商城-团购-优惠,幸福女人时尚女装,0,,150,暂无,Android 2.2.x 以上,1.68MB,2015年12月15日,1.0
网上购物-团购,全民英雄开服助手,0,,824,暂无,Android 2.3.7 以上,1.52MB,2016年08月20日,2.2.3
网上购物-团购,聊城团购,0,,1065,暂无,Android 4.0.3 以上,5.35MB,2016年08月26日,5.0.0
网上购物-团购,幸福福鼎,0,杭州前方信息技术有限公司,730,暂无,Android 4.0.2 以上,7.73MB,2017年12月28日,3.4.02
网上购物-团购,嫒美盟,0,沈阳碧美化妆品销售有限公司,160,暂无,Android 4.1.x 以上,18.5MB,2018年03月15日,1.09
网上购物-团购,团购快线,0,starlipse,315,暂无,Android 1.6.0 以上,322.27KB,2014年09月02日,1.0.2
网上购物-商城-团购,葡萄蒸馏酒,0,青岛晨之晖信息服务有限公司,345,暂无,Android 2.2.x 以上,1.79MB,2014年09月10日,1.0
网上购物-团购-优惠,车陛下商家版,0,贵阳马上信息技术有限公司,2910,暂无,Android 2.3.2 以上,4.15MB,2016年11月08日,3.2
网上购物-团购,利川团购,0,,456,暂无,Android 2.2.x 以上,6.18MB,2015年02月27日,1.0.0
网上购物-商城-团购-优惠,小布,0,广州小布网络科技有限公司,1260,暂无,Android 4.0.2 以上,11.48MB,2017年08月17日,2.5.3.0
网上购物-团购-优惠,金丰折扣,1,周小强,975,暂无,Android 2.2.x 以上,653.32KB,2016年02月03日,6.3
网上购物-团购,柳团网,0,,411,暂无,Android 1.5.0 以上,3.44MB,2016年08月24日,1.0
网上购物-商城-团购,麦卓云商,0,重庆麦卓企业管理咨询有限公司,765,暂无,Android 4.0.2 以上,1.38MB,2016年10月12日,1.0
网上购物-团购,一米市集,0,上海原裕商贸有限公司,751,暂无,Android 4.1.x 以上,47.95MB,2018年04月10日,1.6.0
网上购物-团购-优惠,惠南阳,0,南阳星赫文化传媒有限公司,1650,暂无,Android 2.3.2 以上,3.54MB,2014年10月31日,1.6
网上购物-商城-团购,重庆配件,0,重庆冰冰信息科技有限公司,329,暂无,Android 2.2.x 以上,1.14MB,2015年10月16日,1.8
网上购物-团购-优惠,悠品咖啡,0,,285,暂无,Android 2.2.x 以上,2.12MB,2014年12月31日,1.2
网上购物-商城-团购,爱佩宝,1,,974,暂无,Android 1.6.0 以上,3.12MB,2015年01月30日,00.00.0001
网上购物-商城-团购-优惠,易世商城,0,,315,暂无,Android 2.3.2 以上,8.81MB,2015年11月23日,1.1.0
网上购物-商城-团购-优惠,货园甲,0,,510,暂无,Android 2.3.2 以上,10.31MB,2015年11月27日,v2.1.6
网上购物-商城-团购-优惠,银商惠,0,北京联合佳龙科技有限公司,450,暂无,Android 4.0.2 以上,11.8MB,2016年12月29日,1.1.2
网上购物-商城-团购,园林园艺网,0,,189,暂无,Android 2.3.2 以上,2.26MB,2016年08月26日,0.0.86
网上购物-团购,米粒搜,0,王保卫,165,暂无,Android 2.1.0 以上,273.44KB,2014年09月02日,1.2
网上购物-团购,android团购,0,angeeks,701,暂无,Android 1.5.0 以上,152.34KB,2014年09月02日,1.2
网上购物-团购,返利神器,1,郴州七啸网络科技有限公司,2.4万,75.00%,Android 2.2.x 以上,1.33MB,2015年01月26日,1.2
网上购物-商城-团购-优惠,广百川,0,新疆新广百川网络科技有限责任公司,4710,暂无,Android 2.2.x 以上,9.35MB,2015年10月08日,1.0.4
网上购物-团购,拼购,0,,825,暂无,Android 2.2.x 以上,8.56MB,2015年04月16日,1.0
网上购物-商城-团购,笑瑶,0,,763,暂无,Android 4.0.2 以上,3.61MB,2015年05月13日,1.01
网上购物-团购,银瀑宝商户,0,,120,暂无,Android 2.3.2 以上,1.21MB,2016年01月14日,2.0.0
网上购物-团购,佛途,0,中德四方（北京）科技有限公司,1290,暂无,Android 2.1.0 以上,2.17MB,2016年07月05日,1.7
网上购物-团购-优惠,鸢e汇商户版,0,潍坊市农村信用合作社联合社,1080,暂无,Android 2.3.7 以上,7.1MB,2017年04月27日,3.0.3
网上购物-商城-团购,安顺生活购,0,,30,暂无,Android 1.6.0 以上,5.81MB,2016年08月24日,00.01.0002
网上购物-团购,乐山团购网,0,,695,暂无,Android 4.0.3 以上,5.73MB,2016年08月31日,5.0.0
网上购物-团购-优惠,美团,10681,北京三快科技有限公司,2.1亿,66.00%,Android 4.1.x 以上,68.32MB,2018年03月27日,9.1.2
网上购物-商城-优惠,唯品会,2465,唯品会(珠海)电子商务有限公司,7497.4万,87.00%,Android 4.0.2 以上,50.53MB,2018年04月03日,6.15.7
网上购物-团购-优惠,大众点评,2853,汉诚信息技术（上海）有限公司,8463万,96.00%,Android 4.1.x 以上,52.57MB,2018年03月14日,9.10.6
网上购物-商城-优惠,蘑菇街,592,杭州卷瓜网络有限公司,3827.2万,78.00%,Android 4.0.2 以上,33.16MB,2018年04月02日,10.5.0.9858
网上购物-优惠,券宝贝,61,上海炫霜电子商务有限公司,43.2万,85.00%,Android 4.1.x 以上,29.93MB,2018年04月02日,1.4.1
网上购物-商城-团购-优惠,当当,110,北京当当科文电子商务有限公司,1786.2万,55.00%,Android 4.0.2 以上,33.2MB,2018年04月08日,8.4.0
网上购物-优惠,淘宝特价版,26,淘宝（中国）软件有限公司,22.9万,81.00%,Android 4.0.2 以上,19.26MB,2018年04月08日,2.1.8
网上购物-优惠,返利省钱联盟,103,广州佰源科技有限公司,20.1万,100.00%,Android 2.3.2 以上,15.32MB,2018年04月02日,1.7.0
网上购物-商城-团购-优惠-全球导购,一淘,5127,淘宝（中国）软件有限公司,1302.1万,90.00%,Android 4.0.3 以上,21.45MB,2018年04月04日,8.4.2
网上购物-优惠,省啦啦,829,杭州恩强科技有限公司,36.4万,100.00%,Android 4.3.x 以上,13.78MB,2018年04月03日,1.6.0
网上购物-商城-优惠,贝贝,196,杭州互秀电子商务有限公司,1085.2万,68.00%,Android 4.0.2 以上,34.19MB,2018年03月29日,7.5.02
网上购物-优惠,微拍堂,1,杭州微拍堂文化创意有限公司,25万,暂无,Android 4.3.x 以上,8.92MB,2018年03月29日,1.4.0
网上购物-优惠-全球导购,网易考拉海购,441,杭州优买科技有限公司,1122.8万,96.00%,Android 4.1.x 以上,35.26MB,2018年03月23日,3.13.1
网上购物-团购-优惠,返利,4317,上海中彦信息科技有限公司,1762.8万,91.00%,Android 4.0.2 以上,39.23MB,2018年03月22日,6.7.0
网上购物-优惠,省钱快报,11,北京云动九天科技有限公司,108.8万,92.00%,Android 4.0.2 以上,15.25MB,2018年04月08日,2.6.3
网上购物-商城-优惠,千牛,289,淘宝（中国）软件有限公司,1998.8万,38.00%,Android 4.1.x 以上,54.86MB,2018年03月27日,6.6.6
网上购物-商城-优惠,多点,69,多点生活（中国）网络科技有限公司,158.2万,78.00%,Android 4.1.x 以上,18.19MB,2018年04月04日,3.8.5
网上购物-优惠,熊猫优选,59,杭州铕璨网络科技有限公司,99.4万,84.00%,Android 4.1.x 以上,8.1MB,2018年04月02日,1.5.6
网上购物-商城-优惠,一折特卖,2408,厦门三零零网络科技有限公司,1267.7万,93.00%,Android 2.3.2 以上,15.24MB,2018年03月15日,2.6.4
网上购物-优惠,招联金融,364,招联消费金融有限公司,236.3万,90.00%,Android 4.1.x 以上,34.46MB,2018年03月13日,4.7.0
网上购物-优惠,王者皮肤盒子,4,菠萝万象（北京）科技有限公司,15.4万,暂无,Android 4.0.3 以上,12.1MB,2017年11月08日,1.0.1
网上购物-优惠,优惠券精选,2,南京米思游信息技术有限公司,101.5万,暂无,Android 4.0.3 以上,6.71MB,2017年11月03日,1.2.0
网上购物-团购-优惠,百度糯米,10499,北京百度糯米信息技术有限公司,7033.7万,96.00%,Android 4.3.x 以上,31.5MB,2018年03月20日,8.2.1
网上购物-优惠,淘粉吧,1784,杭州雷讯网络技术股份有限公司,1187.7万,83.00%,Android 4.0.2 以上,25.41MB,2018年03月19日,10.02
网上购物-商城-团购-优惠,楚楚街,215,北京醋溜网络科技股份有限公司,824.9万,53.00%,Android 4.1.x 以上,38.17MB,2018年03月29日,3.22
网上购物-优惠,网购联盟,729,广州市洛山贸易有限公司,74.2万,100.00%,Android 2.3.2 以上,15.2MB,2018年03月15日,4.2.0
网上购物-优惠,返利淘联盟,148,广州星源科技有限公司,36万,100.00%,Android 2.3.2 以上,15.43MB,2018年03月15日,2.6.0
网上购物-优惠,消费者联盟,27,深圳市海纳联达实业有限公司,32万,83.00%,Android 4.3.x 以上,13.13MB,2018年03月31日,1.5.0
网上购物-商城-优惠,优分期,373,北京和创未来网络科技有限公司,153.5万,89.00%,Android 4.0.2 以上,10.59MB,2018年01月16日,6.2.2
网上购物-商城-团购-优惠,折800,2128,团博百众（北京）科技有限公司,2404.3万,51.00%,Android 4.1.x 以上,26.2MB,2018年03月14日,4.35.0
网上购物-优惠,零用钱,718,北京零用钱科技有限公司,488.5万,77.00%,Android 4.0.2 以上,4.83MB,2018年02月12日,5.2.6000
网上购物-优惠,爱返特卖,74,深圳爱萍网络科技有限公司,116.5万,60.00%,Android 2.3.2 以上,17.66MB,2018年04月08日,2.2.3
网上购物-优惠,识货,766,虎扑（上海）文化传播股份有限公司,478.7万,88.00%,Android 4.1.x 以上,28.17MB,2018年03月27日,5.4.2
网上购物-商城-优惠,华为商城,87,华为终端（东莞）有限公司,864.7万,57.00%,Android 4.0.2 以上,10.73MB,2018年03月27日,1.6.4.0
网上购物-优惠,农业银行信用卡管家,48,上海彩亿互联网金融信息服务有限公司,71.2万,96.00%,Android 4.0.2 以上,19.52MB,2017年10月18日,3.2.5
网上购物-商城-优惠,聚美优品,210,北京创锐文化传媒有限公司,2235.3万,40.00%,Android 4.1.x 以上,41.08MB,2018年03月28日,5.827
网上购物-优惠,51返呗,3857,浙江阿拉丁电子商务股份有限公司,84.5万,99.00%,Android 4.4.4 以上,29.36MB,2018年04月09日,4.1.1
网上购物-优惠,指上返,68,常州恒晟网络科技有限公司,4.4万,100.00%,Android 2.3.2 以上,15.61MB,2018年03月14日,2.6.0
网上购物-商城-优惠,YohoBuy有货,56,南京新与力文化传播有限公司,251.6万,68.00%,Android 4.1.x 以上,50.11MB,2018年03月29日,6.5.3
网上购物-优惠,特价惠,191,厦门墨T信息科技有限公司,144万,56.00%,Android 4.0.2 以上,5.79MB,2018年03月12日,2.3.8
网上购物-优惠,堆糖,258,堆糖信息科技,509.8万,75.00%,Android 4.1.x 以上,21.8MB,2018年03月29日,6.14.1
网上购物-优惠,券妈妈优惠券,1769,安徽省志鹄信息科技有限公司,566.2万,94.00%,Android 4.0.2 以上,9.25MB,2018年04月02日,5.1.6
网上购物-商城-优惠,1号店,37,纽海信息技术（上海）有限公司,1754.9万,49.00%,Android 4.1.x 以上,24.74MB,2018年03月05日,5.2.4
网上购物-团购-优惠,聚划算,218,浙江天猫技术有限公司,1363.5万,36.00%,Android 4.0.2 以上,22.49MB,2018年03月29日,5.32.0
网上购物-优惠,一起买买买,4,北京昆达天元科技股份有限公司,21.7万,45.00%,Android 4.0.2 以上,8.11MB,2018年03月27日,1.98
网上购物-优惠,赚钱联盟,0,邢台松树网络科技有限公司,2.2万,暂无,Android 2.3.2 以上,13.94MB,2018年03月13日,4.2.0
网上购物-商城-优惠,波奇宠物,519,光橙上海信息科技有限公司,496.8万,48.00%,Android 4.0.3 以上,27.91MB,2018年03月28日,3.8.1
网上购物-优惠,券网通,0,赣州奥森网络科技有限公司,2万,暂无,Android 2.3.2 以上,14.97MB,2018年03月15日,1.6.0
网上购物-商城-优惠,寺库,2420,北京寺库商贸有限公司,189.5万,99.00%,Android 4.1.x 以上,51.79MB,2018年03月13日,5.9.12
网上购物-优惠,什么值得买,2796,北京值得买科技股份有限公司,813万,99.00%,Android 4.2.x 以上,27.88MB,2018年03月26日,8.7.2
网上购物-优惠,美逛,273,杭州四禾电子商务有限公司,6.9万,96.00%,Android 4.1.x 以上,12.86MB,2018年02月07日,3.3.6
网上购物-优惠,好便宜,6,北京九州云动科技有限公司,10.2万,100.00%,Android 4.0.2 以上,14.47MB,2018年04月09日,1.3.8
网上购物-商城-团购-优惠,柚子街,222,厦门美柚信息科技有限公司,134.4万,97.00%,Android 4.0.3 以上,23.05MB,2018年02月07日,2.4.9
网上购物-优惠,精品街9块9,706,上海小鬼网络科技有限公司,183.3万,88.00%,Android 4.1.x 以上,9.89MB,2018年04月02日,5.0.6
网上购物-优惠,爱淘宝,67,淘宝中国软件有限公司,204万,暂无,Android 2.3.7 以上,7.15MB,2015年11月04日,1.8.1
网上购物-商城-优惠,蜜芽宝贝,85,北京花旺在线商贸有限公司,309.9万,51.00%,Android 4.0.2 以上,25.86MB,2018年03月29日,6.1.5
网上购物-优惠,麻吉宝,642,杭州阿里妈妈软件服务有限公司,172.8万,9.00%,Android 4.0.2 以上,13.75MB,2016年10月09日,7.2.0
网上购物-团购-优惠,穿衣助手,844,上海优梦信息科技有限公司,791.5万,57.00%,Android 4.1.x 以上,42.56MB,2018年03月26日,11.13.1
网上购物-优惠,好省,106,杭州嘉洁网络科技有限公司,4.4万,100.00%,Android 4.0.3 以上,11MB,2018年04月03日,2.0.6.0
网上购物-商城-优惠,利趣网,414,杭州小葵科技有限公司,554.6万,60.00%,Android 4.0.3 以上,6.15MB,2018年03月23日,2.9.2
网上购物-小工具-优惠,卷皮9.9包邮,1813,武汉奇米网络科技有限公司,833.5万,94.00%,Android 4.0.2 以上,23.56MB,2018年03月19日,4.7.7
网上购物-优惠,我有券,0,上海我有券电子商务有限公司,1.8万,暂无,Android 4.0.2 以上,9.19MB,2018年03月22日,1.4.0
网上购物-优惠,如意贝,13,桂林如意贝信息科技有限公司,1.1万,100.00%,Android 4.0.3 以上,21.71MB,2018年04月10日,1.2.2
网上购物-优惠,派派红包（新年版）,416,东莞市小陀螺网络科技有限公司,14.2万,97.00%,Android 4.1.x 以上,6.49MB,2018年04月04日,2.3
网上购物-优惠,e城e家,82,一城一家网络科技有限公司,44.3万,94.00%,Android 4.0.2 以上,16.51MB,2018年02月11日,5.4.0
网上购物-商城-优惠,美丽说,469,美丽联合（北京）科技有限公司,1210.6万,80.00%,Android 4.0.2 以上,35.78MB,2018年04月02日,9.5.0.2024
网上购物-优惠,赚生活,4,广州市蜂擎信息科技有限公司,5.4万,80.00%,Android 4.3.x 以上,6.38MB,2017年11月06日,1.3.1
网上购物-优惠,点赚红包,60,北京点开科技有限公司,135.2万,79.00%,Android 4.1.x 以上,14.17MB,2017年10月09日,2.1.0
网上购物-优惠,剁手惠,0,深圳市君乾文化传播有限公司,2.8万,暂无,Android 4.0.2 以上,2MB,2018年04月09日,1.3.1
网上购物-优惠,咸鱼网,2,福建微商联网络科技有限公司,5.8万,100.00%,Android 2.3.2 以上,1.06MB,2017年09月20日,3.1.6
网上购物-优惠,9块9包邮,18,临沂卓美网络技术有限公司,18万,7.00%,Android 4.0.2 以上,4.02MB,2018年03月20日,1.7.4
网上购物-商城-优惠,快乐购,229,快乐购物股份有限公司,117.8万,94.00%,Android 4.1.x 以上,36.36MB,2018年04月03日,7.5.4
网上购物-优惠,喜购,87,上海友朋网络科技有限公司,66.4万,89.00%,Android 4.0.2 以上,18.62MB,2018年04月10日,4.3.1
网上购物-优惠,卷皮折扣,1816,武汉奇米网络科技有限公司,1130.3万,95.00%,Android 4.0.2 以上,23.59MB,2018年03月19日,4.7.7
网上购物-优惠,返还购,5944,厦门灵感方舟信息科技股份有限公司,429万,99.00%,Android 4.0.2 以上,18.44MB,2018年02月02日,5.5.0
网上购物-优惠,天天特价,301,武汉天天买电子商务有限公司,43.4万,97.00%,Android 4.1.x 以上,12.04MB,2017年11月06日,3.1.4
网上购物-优惠,天神贷,21,北京奋青榜科技有限公司,55.1万,43.00%,Android 4.4.4 以上,13.29MB,2017年12月05日,2.4.9
网上购物-团购-优惠-快递,富友收件宝,51,上海富友支付服务有限公司,168.4万,8.00%,Android 4.0.2 以上,9.03MB,2018年03月20日,3.0.6
网上购物-优惠,零购官网,7,苏州市那美网络科技有限公司,10.9万,48.00%,Android 4.1.x 以上,20.73MB,2018年04月03日,2.5.0
网上购物-商城-优惠,好乐买,13,天津好乐买信息技术有限公司,138.3万,48.00%,Android 4.0.3 以上,37.55MB,2018年03月15日,4.8.3
网上购物-优惠,AHC,0,,6855,暂无,Android 4.0.3 以上,1.39MB,2018年01月23日,1.3
网上购物-商城-优惠,东方购物,14,上海东方电视购物有限公司,90.9万,75.00%,Android 4.1.x 以上,25.79MB,2018年04月09日,4.4.4
网上购物-商城-优惠,齐家,1727,上海齐家网信息科技股份有限公司,133.2万,100.00%,Android 4.1.x 以上,9.05MB,2018年03月13日,2.9.4
网上购物-优惠,明星衣橱,127,北京万象新天网络科技有限公司,571.4万,50.00%,Android 2.3.2 以上,19.74MB,2017年10月25日,7.2.0
网上购物-优惠,8元包邮,88,厦门一览网络科技有限公司,48.3万,50.00%,Android 4.0.2 以上,7.23MB,2018年02月11日,1.8.7
网上购物-优惠,中燃慧生活,9,中燃慧生活电子商务有限公司,10.2万,52.00%,Android 4.0.2 以上,17.9MB,2018年02月03日,04.60.9150
网上购物-优惠,咸蛋家,2231,大连咸蛋科技有限公司,129.8万,99.00%,Android 4.4.4 以上,39.49MB,2018年03月01日,6.9.2
网上购物-优惠,试客联盟,11,南宁一站网网络技术有限公司,9.4万,48.00%,Android 4.0.2 以上,16.43MB,2018年02月02日,3.8.3
网上购物-优惠,9块9包邮购,253,北京醋溜网络科技股份有限公司,1092.6万,54.00%,Android 4.1.x 以上,38.18MB,2018年03月29日,3.22
网上购物-优惠,礼物说,527,北京礼物说科技有限公司,433.1万,91.00%,Android 4.0.3 以上,36.65MB,2018年03月26日,4.5.1
网上购物-优惠,优品好货,0,陈尔令,7230,暂无,Android 4.4.4 以上,18.52MB,2017年11月29日,1.2.0
网上购物-优惠,男士穿衣搭配,6,唐政,21.4万,暂无,Android 2.2.x 以上,6.6MB,2015年11月09日,3.3
网上购物-商城-优惠,安利数码港,18,,72.3万,50.00%,Android 4.0.3 以上,38.05MB,2018年02月02日,3.47.0
网上购物-优惠,返利网,0,苏州我淘信息技术有限公司,3.7万,暂无,Android 3.0.0 以上,8.66MB,2016年11月10日,1.1.6
网上购物-商城-优惠-全球导购,洋码头,209,上海洋码头网络技术有限公司,87.2万,82.00%,Android 4.1.x 以上,36.6MB,2018年04月03日,5.1.0
网上购物-优惠,搜券呀,1,上海惠迁信息科技有限公司,1.2万,暂无,Android 2.3.2 以上,3.51MB,2018年04月09日,2.0.39
网上购物-优惠,E宠商城,5,重庆易宠科技有限公司,48.7万,暂无,Android 4.0.3 以上,23.53MB,2018年03月09日,3.55
网上购物-优惠,24爱购,0,北京物网科技有限公司,1.5万,暂无,Android 4.2.x 以上,12.72MB,2018年04月04日,2.2.4
网上购物-优惠,放心购,1,,1.7万,100.00%,Android 2.2.x 以上,473.63KB,2016年08月30日,1.4
网上购物-优惠,贝贝母婴特卖,4,安阳市京科信息技术有限公司,12.6万,48.00%,Android 4.0.3 以上,6.97MB,2017年02月13日,2.1.0
网上购物-优惠,易购返利,48,北京亿玛在线科技股份有限公司,34.5万,42.00%,Android 4.0.2 以上,10.67MB,2018年02月22日,7.4.0207
网上购物-优惠,趣专享,11,广州聚迈软件科技有限公司,1万,100.00%,Android 4.2.x 以上,7.29MB,2018年04月09日,1.12
网上购物-优惠,麦当劳优惠券完美版,7,霹雳贝贝,315.3万,50.00%,Android 4.0.2 以上,2.18MB,2017年01月26日,2017.2
网上购物-优惠,有券,93,上海我有券电子商务有限公司,13.7万,50.00%,Android 4.0.2 以上,10.56MB,2018年03月08日,1.6.0
网上购物-优惠,好券,1,苏州阪岛电器有限公司,2.4万,100.00%,Android 4.0.3 以上,4.08MB,2017年04月10日,1.0.2
网上购物-优惠,WEAR,9,株式会社スタ`トトゥデイ,15.7万,56.00%,Android 4.1.x 以上,12.16MB,2018年03月23日,4.23.0
网上购物-优惠,省钱包,185,万枝莉,175.9万,72.00%,Android 4.0.3 以上,15.68MB,2017年07月28日,1.1.5
网上购物-优惠,男士服装搭配,1,苏州原璞信息技术有限公司,21.8万,50.00%,Android 2.2.x 以上,1.47MB,2015年08月17日,2.2.3
网上购物-优惠,白菜优惠券,-6,无锡拉风无限科技有限公司,33.3万,92.00%,Android 4.0.3 以上,12.98MB,2018年04月02日,4.4
网上购物-优惠,成都职工,0,成都蜀工投资中心,3285,暂无,Android 4.2.x 以上,18.23MB,2018年04月01日,1.2.5
网上购物-优惠,拍卖会,0,淘宝（中国）软件有限公司,12.9万,暂无,Android 4.0.3 以上,20.24MB,2017年05月13日,2.6.8(3718)
网上购物-优惠,比购返利,79,上海媒科锐奇网络科技有限公司,312.3万,50.00%,Android 4.0.2 以上,9.06MB,2018年01月10日,4.8.1
网上购物-优惠,好券推手,0,武汉云赐络科技有限公司,1995,暂无,Android 4.4.4 以上,7.76MB,2018年04月03日,1.0.4
网上购物-优惠,特别省,1,武汉网之科技有限公司,3390,暂无,Android 2.3.2 以上,15.68MB,2018年03月27日,1.5.0
网上购物-优惠,欧亚汇,2,长春羿尧网络股份有限公司,5910,50.00%,Android 4.3.x 以上,21.47MB,2018年04月02日,1.12
网上购物-优惠,京东秒杀,0,,5.3万,暂无,Android 2.2.x 以上,2.14MB,2016年01月09日,1.0.8
网上购物-优惠,微卖,82,北京优舍科技有限公司,27.3万,暂无,Android 4.0.3 以上,15.36MB,2018年03月02日,5.5.7
网上购物-优惠,挖划算,23,郴州魅拓网络有限公司,32.2万,44.00%,Android 3.0.0 以上,4.65MB,2017年06月16日,1.1.5
网上购物-团购-优惠,米折,392,北京风之文化传媒有限公司,922万,54.00%,Android 4.0.2 以上,10.72MB,2017年06月28日,6.1.0
网上购物-优惠,惠惠购物助手,43,网易有道信息技术（北京）有限公司,95.9万,52.00%,Android 2.3.2 以上,10.23MB,2018年03月29日,3.9.5
网上购物-商城-团购-优惠,有赞微小店,299,杭州有赞科技有限公司,74.7万,67.00%,Android 4.1.x 以上,9.7MB,2018年02月09日,2.2.6
网上购物-优惠,返利网,4,蒙自华恒商贸有限公司,1.8万,75.00%,Android 2.2.x 以上,3.51MB,2017年12月18日,2.0.6
网上购物-优惠,省钱,0,深圳市哥伦布服饰有限公司,4200,暂无,Android 2.3.2 以上,1.97MB,2017年10月11日,6.1.8
网上购物-优惠,我折卡,7,重庆爱折科技有限公司,4.6万,54.00%,Android 4.2.x 以上,7.1MB,2017年11月30日,2.5.6
网上购物-优惠,手机淘宝优惠券,2,广州市缘讯信息科技有限公司,8145,100.00%,Android 4.0.2 以上,5.74MB,2017年12月08日,2.6.0
网上购物-优惠,京东夺宝,36,深圳市拍拍电商信息技术有限公司,118.4万,50.00%,Android 4.0.2 以上,10.52MB,2016年10月26日,v5.7.5
网上购物-优惠,众划算,11,南宁一站网网络技术有限公司,26.6万,48.00%,Android 4.1.x 以上,22.22MB,2018年03月21日,3.5.203
网上购物-优惠,海底捞,0,泽诺尼亚传奇78,5.6万,暂无,Android 4.1.x 以上,21.13MB,2018年03月13日,5.3.1
网上购物-优惠,大润发e路发,0,,2775,暂无,Android 4.0.2 以上,13.99MB,2018年02月06日,1.1.0.1
网上购物-优惠,省大师,1,广州聚合网络有限公司,1515,100.00%,Android 4.4.4 以上,10.08MB,2018年04月02日,1.0.3
网上购物-优惠,汇贝,1,北京汇银丰网络技术有限公司,4950,100.00%,Android 4.1.x 以上,11.93MB,2018年04月04日,1.1.1
网上购物-优惠,爱抢购,723,上海多维度网络科技股份有限公司,26.2万,78.00%,Android 4.0.2 以上,12.49MB,2018年01月02日,5.3.1
网上购物-优惠,粉丝福利购,114,深圳市北街网络科技有限公司,7.4万,95.00%,Android 2.3.2 以上,4.76MB,2018年04月03日,5.6.8
网上购物-优惠,惠下单,0,北京惠赢天下网络技术有限公司,10.6万,暂无,Android 4.0.3 以上,28.55MB,2018年03月27日,1.8.8
网上购物-优惠,没得比,78,重庆市狸狗信息科技有限公司,119.4万,96.00%,Android 4.0.2 以上,13.02MB,2018年03月22日,4.2.3
网上购物-优惠,返利赚,483,郴州七啸网络科技有限公司,31.7万,38.00%,Android 4.0.3 以上,8.67MB,2017年08月15日,3.2.0
网上购物-优惠,奥莱购,5,深圳华盛电子商务有限公司,7.1万,暂无,Android 4.1.x 以上,17.54MB,2018年03月08日,4.8.00
网上购物-优惠,每日新款,345,浪淘金(北京)科技有限责任公司,386.4万,99.00%,Android 4.0.2 以上,15.78MB,2017年08月23日,4.5.1
网上购物-优惠,车300专业版,0,南京车易淘网络信息技术有限公司,2.1万,暂无,Android 4.0.2 以上,12.79MB,2018年04月02日,1.9.3.0
网上购物-商城-团购-优惠,萌店,91,上海萌店信息科技有限公司,184.7万,53.00%,Android 4.0.2 以上,34.79MB,2017年11月27日,4.10.1
网上购物-优惠,好享购物,11,好享购物股份有限公司,20.3万,100.00%,Android 4.0.2 以上,35.04MB,2018年03月26日,7.1.0
网上购物-优惠,拾牛,0,北京有爱时代科技有限公司,1575,暂无,Android 4.0.3 以上,11.82MB,2018年04月03日,2.0.1
网上购物-优惠,省钱快报优惠券,1,福建微商联网络科技有限公司,1.4万,100.00%,Android 2.3.2 以上,1.07MB,2017年09月07日,1.0.1
金融理财-炒股-优惠,邮乐网,8,上海邮乐网络技术有限公司,34.5万,暂无,Android 3.0.0 以上,39.53MB,2018年04月04日,3.8.2
网上购物-优惠,商家中心,0,广州市妈妈一百电子商务有限公司,22.5万,暂无,Android 4.2.x 以上,20.65MB,2018年02月22日,7.1
网上购物-优惠,美啦,502,深圳市品汇科技有限公司,611.1万,93.00%,Android 4.0.2 以上,13.03MB,2017年10月13日,5.4.7
网上购物-优惠,购物大厅,96,深圳市帮购科技有限公司,103.6万,71.00%,Android 4.0.3 以上,8.74MB,2018年03月29日,3.2.2.r
网上购物-优惠,省钱了,0,吴川微浪网络科技有限公司,3570,暂无,Android 2.3.2 以上,15.93MB,2018年03月13日,1.4.0
网上购物-团购-优惠,窝窝团,104,北京窝窝团信息技术有限公司,367.1万,39.00%,Android 2.2.x 以上,5.33MB,2016年05月17日,5.3.0
网上购物-商城-优惠,口袋购物,107,北京风之文化传媒有限公司,281.1万,46.00%,Android 4.0.3 以上,17.96MB,2017年06月13日,6.1.2
网上购物-优惠,公平价二手车,712,南京价公信息技术有限公司,59.1万,92.00%,Android 4.0.2 以上,37.24MB,2018年04月09日,3.9.14
网上购物-优惠,唯享客,-1,唯品会(珠海)电子商务有限公司,5.9万,暂无,Android 4.0.3 以上,10.12MB,2018年03月28日,2.3.0
网上购物-优惠,试用网,7,江苏众淘电子商务有限公司,2.2万,48.00%,Android 2.3.7 以上,4.05MB,2015年04月24日,1.0.4
网上购物-优惠,疯抢,0,北京四海众信科技有限公司,9.5万,暂无,Android 4.1.x 以上,23.21MB,2018年03月19日,6.0.9
网上购物-优惠,J货,0,无锡云码创新体育发展有限公司,1.1万,暂无,Android 4.4.4 以上,23.39MB,2018年03月07日,1.5.1
网上购物-优惠,1元天天抢,18,上海偶吧信息科技有限公司,16.5万,57.00%,Android 4.0.2 以上,6.84MB,2017年12月07日,3.2.15
网上购物-优惠,淘宝领券,5,张韬,1.8万,67.00%,Android 3.0.0 以上,5.58MB,2017年04月21日,1.0.2
网上购物-优惠,穿衣打扮,-3,苏州浅蓝信息技术有限公司,18.7万,100.00%,Android 2.2.x 以上,3.07MB,2016年08月16日,4.6.0
网上购物-优惠,领啦网,6,杭州崇优科技有限公司,8.4万,48.00%,Android 1.5.0 以上,1.68MB,2017年05月08日,1.0.6
网上购物-优惠,聚来宝,-1059,石狮市聚来宝网络技术有限公司,615.2万,96.00%,Android 4.1.x 以上,30.5MB,2018年01月09日,3.1.4
网上购物-优惠,亿品赞,1,广西潮志信息科技有限公司,3180,100.00%,Android 4.0.2 以上,17.47MB,2018年03月29日,3.0.5
网上购物-优惠,9块9包邮汇,113,杭州美盈网络科技有限公司,44.8万,50.00%,Android 4.0.3 以上,4.36MB,2017年06月12日,2.85
网上购物-商城-优惠,买卖宝商城,62,无锡买卖宝信息技术有限公司,184.1万,58.00%,Android 2.3.2 以上,7.21MB,2016年01月18日,1.2.2
网上购物-优惠,全民特卖,365,嘉兴高欣电子商务有限公司,7.9万,98.00%,Android 2.3.2 以上,17.56MB,2018年04月03日,5.3.0
网上购物-优惠,新城吾悦广场,0,新城商业管理集团有限公司上海分公司,4.8万,暂无,Android 4.0.3 以上,8.29MB,2017年12月20日,2.4.6
网上购物-优惠,三只松鼠,19,三只松鼠股份有限公司,7.7万,69.00%,Android 4.1.x 以上,39.61MB,2017年11月03日,3.5.1
网上购物-优惠,任性购,0,刘薇,2070,暂无,Android 2.2.x 以上,509.77KB,2015年02月07日,3.4
网上购物-优惠,卷优网,0,八步区仁义卷优网网络科技服务中心,1.8万,暂无,Android 2.3.2 以上,4.74MB,2017年11月17日,0.0.42
网上购物-优惠,e税客,0,优识云创（北京）科技有限公司,5.9万,暂无,Android 2.3.2 以上,24.97MB,2017年06月26日,5.1.0
网上购物-优惠,和宝贝,1,中国移动通信集团江苏有限公司,4.8万,暂无,Android 2.3.7 以上,9.65MB,2017年12月22日,5.4.0
网上购物-优惠,睛彩宁夏,0,宁夏广播电视网络有限公司,1万,暂无,Android 4.1.x 以上,14.16MB,2017年05月08日,1.8.7
网上购物-优惠,蘑菇特卖街,0,,6.9万,暂无,Android 2.3.2 以上,951.17KB,2016年08月25日,0.0.1
网上购物-优惠,购推荐返利,78,北京爱尚淘网络技术有限公司,7.1万,84.00%,Android 2.3.2 以上,2.45MB,2016年09月22日,2.2.1
网上购物-优惠,云推,0,北京神龟科技有限公司,1059,暂无,Android 4.0.3 以上,4.36MB,2018年04月09日,2.0
网上购物-商城-优惠,半糖,42,北京九州云动科技有限公司,130.5万,39.00%,Android 4.0.2 以上,14.55MB,2017年12月08日,6.3
网上购物-优惠,小白优惠,12,陈静华,2.1万,暂无,Android 4.0.2 以上,7.26MB,2018年04月03日,1.4.9
网上购物-优惠,服装搭配,1,窦燕萍,9.4万,暂无,Android 2.1.0 以上,2.76MB,2014年09月17日,1.20
网上购物-优惠,0元购,188,北京爱摄汇网络科技有限公司,25万,85.00%,Android 4.0.2 以上,12.47MB,2016年09月02日,1.6.1
网上购物-优惠,返利大王,389,杭州点云信息技术有限公司,378.8万,53.00%,Android 4.0.3 以上,15.52MB,2017年05月02日,3.1.3
网上购物-优惠,穿什么,5,至美方略网络科技服务（北京）有限公司,3.9万,暂无,Android 2.2.x 以上,10.79MB,2015年08月25日,2.0.9
网上购物-优惠,云信,0,,1.7万,暂无,Android 4.0.2 以上,3.65MB,2015年12月17日,2.0.0
网上购物-优惠,光汇云油,304,深圳光汇云油电商有限公司,3.8万,100.00%,Android 4.1.x 以上,24.95MB,2018年04月08日,5.2.2
网上购物-优惠,天天特价,87,尚友通达,17.7万,99.00%,Android 2.1.0 以上,1.07MB,2014年09月02日,1.74.0
网上购物-优惠,我的内部购,0,周通,5475,暂无,Android 4.0.2 以上,2.19MB,2017年04月21日,1.0.89
网上购物-优惠,淘宝便宜货,3,折折折,18.5万,暂无,Android 3.0.0 以上,678.71KB,2014年09月02日,2.7
网上购物-商城-优惠,卖客疯,718,上海尊溢商务信息咨询有限公司,105.4万,79.00%,Android 4.0.2 以上,12.5MB,2017年07月26日,4.2.0
网上购物-优惠,优惠卷,3,福建微商联网络科技有限公司,1.4万,100.00%,Android 3.0.0 以上,5.57MB,2017年03月02日,1.1.0
网上购物-团购-优惠,实惠,132,杭州酷跃科技有限公司,175.7万,66.00%,Android 4.0.2 以上,24.5MB,2018年04月02日,3.5.0
网上购物-优惠,省钱宝,-1,李庆朝,2.2万,暂无,Android 2.2.x 以上,536.13KB,2016年07月11日,6.3
网上购物-优惠,闺蜜美妆,7,北京时欣信息技术有限公司,8.5万,45.00%,Android 4.0.2 以上,57.35MB,2018年01月30日,4.2.1
网上购物-优惠,屏方Ping?,328,北京锦泉杰作文化传媒有限公司,50.7万,99.00%,Android 4.0.3 以上,32.22MB,2018年04月09日,3.5.4.5-release
网上购物-优惠,女生服装搭配,0,梁影,1.1万,暂无,Android 4.0.3 以上,2.36MB,2016年12月23日,1.0
网上购物-优惠,IQ优惠,0,广州乐惠网络科技有限公司,6360,暂无,Android 2.1.0 以上,2.45MB,2014年09月02日,2.9
网上购物-商城-优惠,九块九包邮,93,苏州魅购信息技术有限公司,50.5万,50.00%,Android 2.3.7 以上,7.81MB,2017年02月13日,5.5.9
网上购物-优惠,返利购优惠券,112,北京趣趣网络科技有限公司,24.2万,100.00%,Android 2.3.2 以上,13.23MB,2018年03月23日,3.2.1
网上购物-优惠,麦当劳优惠券,35,,24.7万,100.00%,Android 1.6.0 以上,658.2KB,2014年09月02日,1.1
网上购物-优惠,爱回扣购物返利打折,110,珠海易辰贸易有限公司,92.9万,72.00%,Android 4.0.2 以上,7.65MB,2017年09月11日,2.7.7
网上购物-优惠,疯抢商城,0,北京四海众信科技有限公司,6600,暂无,Android 2.2.x 以上,8.67MB,2016年07月07日,1.2
网上购物-优惠,白菜价折扣,103,北京数字创联信息技术有限公司,20.7万,50.00%,Android 4.0.3 以上,5.03MB,2017年05月19日,4.1.2
网上购物-优惠,超级折扣,0,济南鲤鱼信息科技有限公司,4125,暂无,Android 4.0.2 以上,5.99MB,2018年02月06日,1.4.2
网上购物-优惠,拿券儿,3,北京繁星创想科技有限公司,1230,100.00%,Android 4.0.3 以上,12.04MB,2018年04月03日,3.3.1
网上购物-优惠,全能街,0,新邵脆脆网络科技有限公司,1965,暂无,Android 4.1.x 以上,27.58MB,2018年03月27日,1.3.213
网上购物-优惠,淘券吧,5,上海锐雅文化科技有限公司,8295,100.00%,Android 4.0.2 以上,17.83MB,2018年03月15日,5.1
网上购物-优惠,咖购,4,宁波咖购网络科技有限公司,82.6万,83.00%,Android 4.0.3 以上,12.86MB,2018年01月08日,4.2.2
网上购物-优惠,给惠网,15,深圳市千盟广告有限公司,13.5万,45.00%,Android 4.0.3 以上,10.4MB,2018年04月04日,4.9.3
网上购物-团购-优惠,团800,127,团800,135.7万,8.00%,Android 2.2.x 以上,7.03MB,2015年01月31日,6.1.1
网上购物-优惠,九块九包邮,98,苏州浅蓝信息技术有限公司,26.5万,100.00%,Android 3.0.0 以上,6.84MB,2016年12月07日,5.6.6
网上购物-优惠,航情,1,北京航采资讯有限公司,6690,100.00%,Android 2.3.2 以上,11.61MB,2017年12月27日,1.1.0
网上购物-优惠,男装衣服搭配技巧,3,闫乐ter,10.7万,暂无,Android 2.2.x 以上,3.59MB,2014年09月02日,2.07
网上购物-优惠,氧气,7,上海波辣兔信息科技有限公司,41.4万,67.00%,Android 4.0.3 以上,19.94MB,2017年06月22日,2.2.5
网上购物-优惠,布丁优惠券,80,北京步鼎方舟科技有限公司,124.8万,暂无,Android 2.2.x 以上,3.79MB,2016年05月31日,4.4.1
网上购物-优惠,美女时钟,0,浙江搜道网络技术有限公司,4350,暂无,Android 4.1.x 以上,65.71MB,2017年12月09日,2.2.0
网上购物-优惠,淘无忧,59,重庆有点用网络科技有限公司,1815,98.00%,Android 2.3.2 以上,10.91MB,2018年02月02日,1.0.5
网上购物-优惠,淘券优惠券,3,荆门腾远创网络科技有限公司,1.1万,100.00%,Android 4.1.x 以上,12.95MB,2018年03月06日,2.0.5
网上购物-优惠,小鸡快充,726,安徽易众网络科技有限公司,405.5万,99.00%,Android 4.0.3 以上,19.08MB,2018年04月04日,3.6.2
网上购物-优惠,折上折,133,广州厘米信息科技有限公司,77.4万,38.00%,Android 2.3.2 以上,16.39MB,2018年03月15日,5.7.0
网上购物-优惠,收益岛,1,青岛收益岛国际商务有限公司,2250,100.00%,Android 4.0.3 以上,22.66MB,2018年03月23日,1.4.1
网上购物-优惠,优惠券,4,重庆市果萌网络科技有限公司,10.3万,60.00%,Android 4.0.3 以上,7.08MB,2018年02月05日,7.6.30
网上购物-优惠,省钱管家,2,石家庄酷盟信息技术服务有限公司,3015,100.00%,Android 2.3.2 以上,14.17MB,2018年02月23日,1.9.0
网上购物-优惠,精品街,43,上海小鬼网络科技有限公司,9.4万,90.00%,Android 4.1.x 以上,9.43MB,2018年03月30日,5.4.4
网上购物-优惠,楚楚街九块九,0,苏州贝折信息技术有限公司,10.2万,暂无,Android 2.2.x 以上,4.54MB,2016年05月30日,2.1.0
网上购物-优惠,泸溪同城,2,深圳市创实互联科技有限公司,3120,50.00%,Android 4.0.3 以上,16.44MB,2017年03月14日,3.3.2
网上购物-优惠,一元秒杀,1,苏州佰顺通企业管理有限公司,15.6万,暂无,Android 2.3.7 以上,8.24MB,2017年05月23日,4.0.8
网上购物-优惠,返利邦,13,微众信息科技有限公司,5.6万,50.00%,Android 4.0.2 以上,3.96MB,2016年01月18日,7.1.5
网上购物-优惠,折买返利,168,成都可及科技有限公司,27.2万,49.00%,Android 4.1.x 以上,14.68MB,2018年02月08日,6.7.0
网上购物-优惠,七果游戏-手游折扣助手,0,杭州七匣子网络技术有限公司,7425,暂无,Android 4.0.2 以上,13.09MB,2018年01月20日,3.0.1
网上购物-优惠,琳琅试用,0,上海佐赞网络科技有限公司,705,暂无,Android 4.2.x 以上,16.29MB,2018年03月26日,1.0.3
网上购物-优惠,男士购,5,南宁市男士购网络科技有限公司,3555,100.00%,Android 4.0.2 以上,5.78MB,2017年08月07日,2.5
网上购物-优惠,货牛牛,0,广州市货牛牛科技有限公司,2895,暂无,Android 4.2.x 以上,19.68MB,2018年03月16日,2.9.2
网上购物-优惠,奢易拍,0,北京奢易拍商贸有限公司,3075,暂无,Android 4.2.x 以上,11.92MB,2017年09月27日,1.3.1
网上购物-优惠,完美衣橱,66,北京伊品时尚网络科技有限公司,13.2万,暂无,Android 2.3.2 以上,6.06MB,2015年04月29日,3.7.22
网上购物-优惠,淘抢购,-2,,1.3万,暂无,Android 2.3.2 以上,886.72KB,2016年04月08日,4.8.9
网上购物-优惠,淘宝阅读,10,广州阿里巴巴文学信息技术有限公司,2.9万,100.00%,Android 4.0.2 以上,11.15MB,2017年06月01日,6.4.0.1
网上购物-优惠,拱趴,115,厦门拱趴网络科技有限公司,2250,100.00%,Android 4.0.3 以上,40.42MB,2017年11月23日,1.1.10
网上购物-优惠,掌上客服,0,金华快服科技有限公司,2.3万,暂无,Android 4.0.3 以上,9.39MB,2018年01月11日,2.4.7
网上购物-团购-优惠,惠品折,155,杭州双静网络技术服务有限公司,349.4万,63.00%,Android 4.0.2 以上,1.46MB,2017年05月08日,4.0
网上购物-优惠,蛮便宜,24,北京趣购互动网络技术有限公司,15万,37.00%,Android 3.1.0 以上,13.63MB,2017年12月12日,2.6.8
网上购物-优惠,优惠券,1,梁泽贵,1.4万,100.00%,Android 4.0.2 以上,2.14MB,2017年04月21日,1.0.89
网上购物-优惠,折800-校园版,13,团博百众（北京）科技有限公司,11.1万,40.00%,Android 2.2.x 以上,3.08MB,2014年09月02日,2.0.1
网上购物-小工具-快递,微快递,107,快宝（上海）网络技术有限公司,1080.1万,51.00%,Android 4.1.x 以上,19.8MB,2018年03月28日,6.0.0
网上购物-快递,闪送,8,北京同城必应科技有限公司,132.1万,75.00%,Android 4.0.2 以上,14.31MB,2018年04月02日,4.5.0
网上购物-快递,菜鸟裹裹,261,浙江菜鸟供应链管理有限公司,2240万,51.00%,Android 4.2.x 以上,27.67MB,2018年03月29日,4.6.1
网上购物-小工具-快递,快递100,1489,深圳市金蝶友商电子商务服务有限公司,692.5万,64.00%,Android 4.0.3 以上,13.55MB,2018年03月12日,4.7.2
网上购物-快递,顺丰速运,93,顺丰速运有限公司,410.7万,48.00%,Android 4.0.3 以上,21.84MB,2018年03月16日,8.9.8
网上购物-快递,货车帮货主,3557,成都运力科技有限公司,206.7万,100.00%,Android 4.1.x 以上,24.75MB,2018年03月27日,4.12.1
网上购物-快递,58速运司机端,307,北京五八到家信息技术有限公司,48.6万,97.00%,Android 4.0.3 以上,30.52MB,2018年03月26日,5.2.0
网上购物-快递,韵达业务员,8,上海韵达货运有限公司,73.2万,45.00%,Android 4.0.3 以上,19.54MB,2016年12月01日,4.8.2
网上购物-快递,百世汇通小件员App,2,,99.9万,45.00%,Android 2.3.7 以上,5.7MB,2016年08月30日,1.4.4
网上购物-快递,申通快递,25,申通快递有限公司,71.7万,8.00%,Android 4.0.2 以上,15.05MB,2018年03月15日,v2.5.1
网上购物-快递,中通快递,33,来自互联网,57.8万,50.00%,Android 4.0.2 以上,19.8MB,2017年12月08日,5.1
网上购物-小工具-快递,韵达快递,31,东普信息科技公司,89.6万,暂无,Android 4.0.3 以上,9.53MB,2018年01月08日,5.4.0
网上购物-小工具-快递,快递员,73,快宝（上海）网络技术有限公司,69.3万,48.00%,Android 4.1.x 以上,51.94MB,2018年04月03日,6.2.1
网上购物-小工具-快递,快递100收件端,209,深圳市金蝶友商电子商务服务有限公司,10.1万,暂无,Android 4.0.3 以上,33.51MB,2018年03月14日,3.0.1
网上购物-快递,丰巢,1,深圳市丰巢科技有限公司,5.4万,100.00%,Android 4.3.x 以上,21MB,2018年02月06日,0.2.1
网上购物-快递,圆通速递,50,移动终端开发组,160.6万,暂无,Android 4.0.3 以上,19.55MB,2018年01月15日,4.2.8
网上购物-快递,行者,10,Google Play提供,45.8万,暂无,Android 3.0.0 以上,30.83MB,2016年10月25日,2.4.0
网上购物-团购-优惠-快递,富友收件宝,51,上海富友支付服务有限公司,168.4万,8.00%,Android 4.0.2 以上,9.03MB,2018年03月20日,3.0.6
网上购物-小工具-快递,人人快送,94,四川创物科技有限公司,103.8万,50.00%,Android 4.0.3 以上,32.02MB,2018年01月08日,4.2.0
网上购物-快递,德邦,38,上海德邦物流有限公司,21.9万,88.00%,Android 4.0.2 以上,4.09MB,2017年07月05日,2.6.7
网上购物-快递,知康掌上体检,0,北京码虎科技有限公司,5.4万,暂无,Android 4.1.x 以上,13.88MB,2017年08月16日,V0.28.0
网上购物-快递,邮政员工自助,3,南京景桥软件有限公司,36.2万,48.00%,Android 4.2.x 以上,36.63MB,2018年04月09日,1.38.132
网上购物-快递,365骑士,0,沈阳众业科技有限公司,2.1万,暂无,Android 4.0.2 以上,15.67MB,2018年02月07日,5.3.0
网上购物-快递,京东众包,41,北京京东世纪贸易有限公司,53.9万,6.00%,Android 4.0.2 以上,15.68MB,2016年03月04日,2.0.1
网上购物-快递,中邮速递易,23,成都我来啦网格信息技术有限公司,86.1万,54.00%,Android 4.0.3 以上,32.35MB,2018年03月08日,5.5.2.000
网上购物-快递,富友快递员,2,上海富友电子商务有限公司,32.7万,100.00%,Android 3.0.0 以上,2.02MB,2017年07月28日,2.9
网上购物-快递,快递员助手,57,深圳市点易达科技有限公司,17.6万,100.00%,Android 2.3.7 以上,19.67MB,2018年03月26日,2.4.4
网上购物-快递,邮政手持,26,叶钊,40.8万,48.00%,Android 3.0.0 以上,12.41MB,2017年11月14日,2.2.4.2
网上购物-快递,安易递收寄版,0,中国电信股份有限公司福州分公司,6.6万,暂无,Android 2.2.x 以上,14.75MB,2017年02月08日,1.1.0
网上购物-快递,EMS,18,中国邮政速递物流股份有限公司,63.4万,49.00%,Android 2.2.x 以上,6.4MB,2014年11月05日,2.3
网上购物-快递,1919TMS,0,壹玖壹玖酒类平台科技股份有限公司,5625,暂无,Android 4.0.3 以上,24.7MB,2018年03月09日,2.2.1
网上购物-快递,e乐活,1,深圳中集电商物流科技有限公司,12.9万,100.00%,Android 4.0.3 以上,9.1MB,2017年08月16日,1.6.0
网上购物-快递,e栈快递员,0,深圳中集电商物流科技有限公司,7.8万,暂无,Android 4.0.3 以上,11.87MB,2017年11月16日,3.7.0
网上购物-快递,日日顺乐家,13,青岛日日顺乐家物联科技有限公司,5.8万,92.00%,Android 4.0.3 以上,14.54MB,2018年03月12日,5.2.15
网上购物-快递,百世汇通,3,,2.6万,暂无,Android 2.3.7 以上,5.8MB,2016年08月30日,1.0.04
网上购物-快递,银豹收银系统,0,,4470,暂无,Android 4.0.3 以上,8.16MB,2017年12月21日,1.0.2
网上购物-快递,江苏云柜,4,江苏云柜网络技术有限公司,5.8万,67.00%,Android 3.0.0 以上,9.7MB,2016年09月06日,3.1.1
网上购物-快递,物流来了,0,Google Play提供,7.2万,暂无,Android 4.3.x 以上,8.53MB,2016年07月27日,1.1.0
网上购物-快递,快递查,26,杨锦,13万,45.00%,Android 2.2.x 以上,724.61KB,2014年09月02日,2.8.3
网上购物-快递,邮证,2,广州车行易科技股份有限公司,17.4万,50.00%,Android 4.0.3 以上,21.51MB,2018年04月08日,3.1.0
网上购物-快递,物流配货宝,5,成都亿恩方科技有限公司,16.4万,暂无,Android 2.2.x 以上,2.08MB,2014年09月02日,1.2.6
网上购物-快递,小蜜蜂邮包包,0,,1.7万,暂无,Android 4.0.2 以上,9.46MB,2015年12月25日,2.5.12.08
网上购物-快递,如来神掌,1,美传天下,6.3万,暂无,Android 2.3.2 以上,2.72MB,2014年10月12日,2.0.941
网上购物-快递,快递单号查询,0,厦门云游数码科技有限公司,2.2万,暂无,Android 2.2.x 以上,1.68MB,2014年11月11日,1.0
网上购物-快递,陆鲸司机,671,浙江传化陆鲸科技有限公司,23.6万,100.00%,Android 4.0.2 以上,23.07MB,2018年01月08日,5.1.2
网上购物-小工具-快递,易快递,29,深圳海纳易捷网络技术有限公司,42.6万,暂无,Android 2.2.x 以上,5.34MB,2015年05月19日,V3.1.5
网上购物-快递,万顺物流全国通,0,郑州国联万顺信息科技有限公司,7.4万,暂无,Android 2.3.7 以上,2.66MB,2018年03月20日,1.0.90
网上购物-快递,江苏云柜,0,江苏云柜网络技术有限公司,2.9万,暂无,Android 3.0.0 以上,9.98MB,2016年09月27日,3.0.3
网上购物-快递,张家港市城市e管家,0,张家港市城市管理局,2.1万,暂无,Android 4.0.3 以上,22.08MB,2017年10月26日,2.3.4
网上购物-快递,快宝驿站,0,,2130,暂无,Android 4.1.x 以上,6.39MB,2018年01月03日,1.0.04
网上购物-快递,便民乐加,0,北京京东尚科信息技术有限公司,5.3万,暂无,Android 2.3.7 以上,3.33MB,2016年10月19日,2.4.0
网上购物-快递,一号货车司机,6,上海飞梭科技有限公司,42万,100.00%,Android 2.3.7 以上,34.18MB,2016年06月24日,2.6.4
网上购物-快递,安易递用户版,0,中国电信股份有限公司福州分公司,2.3万,暂无,Android 2.3.2 以上,11.75MB,2017年02月08日,1.0.2
网上购物-快递,天天快递,2,,2.3万,暂无,Android 2.2.x 以上,4.63MB,2016年08月28日,1.00
网上购物-快递,蜂巢,0,深圳市蜂联科技有限公司,3.8万,暂无,Android 4.0.2 以上,15.17MB,2016年08月11日,2.4.4
网上购物-快递,叭叭速配司机版,1,深圳市龙游云技术有限公司,8.4万,暂无,Android 4.1.x 以上,17.7MB,2018年03月22日,2.4.0.2
网上购物-快递,滴滴快送,0,新乡市智慧城市科技有限公司,1350,暂无,Android 2.2.x 以上,13.94MB,2018年02月12日,1.0.9
网上购物-快递,格格快递员,0,南京魔格信息科技有限公司,5.1万,暂无,Android 4.0.3 以上,14.21MB,2018年03月12日,2.4.8
网上购物-快递,邮件实名收寄系统,1,中国电信股份有限公司福州分公司,14.5万,暂无,Android 2.3.7 以上,21.32MB,2018年03月22日,1.3.8
网上购物-快递,邮政邮件跟踪查询,1,广东邮政,4.9万,100.00%,Android 1.6.0 以上,709.96KB,2014年09月02日,4.1
网上购物-快递,格格小区,4,南京魔格信息科技有限公司,16.6万,50.00%,Android 4.0.3 以上,12.21MB,2017年11月01日,2.4.1
网上购物-快递,菜鸟旺旺,0,深圳市前海爱开创科技有限公司,1.1万,暂无,Android 4.0.3 以上,8.48MB,2017年02月28日,2.8.3
网上购物-快递,快递查询,0,长沙合伙人文化传播有限公司,6600,暂无,Android 4.0.3 以上,3.22MB,2017年11月13日,1.1.0
网上购物-快递,货车在线,2,河南艾特信息技术有限公司,6.3万,暂无,Android 2.1.0 以上,3.21MB,2014年09月02日,1.0.4
网上购物-快递,货车司机宝,0,北京汇通天下物联科技有限公司,6.7万,暂无,Android 4.0.3 以上,18.01MB,2017年06月24日,v3.4.1g7
网上购物-快递,中通快递员,3,,3.1万,暂无,Android 2.3.7 以上,6.05MB,2015年12月09日,1.0.6
网上购物-快递,物通网配货车主版,105,北京物通时空网络科技开发有限公司,20.5万,暂无,Android 4.0.3 以上,25.68MB,2018年03月26日,3.9.0
网上购物-快递,重庆国税网票查验,1,重庆远见信息产业集团有限公司,2.5万,暂无,Android 2.2.x 以上,2.7MB,2015年07月24日,V1.2.3
网上购物-快递,EMS,0,中国邮政速递物流股份有限公司,2880,暂无,Android 4.0.2 以上,16.8MB,2018年02月22日,2.1.2
网上购物-快递,自由GO,0,成都智客出行科技有限公司,2745,暂无,Android 4.1.x 以上,29.36MB,2017年12月23日,3.1.0
网上购物-快递,好递快递员,5,北京好递软件有限公司,9.7万,暂无,Android 4.1.x 以上,50.84MB,2017年07月24日,5.2.6
网上购物-快递,叭叭速配货主版,0,深圳市龙游云技术有限公司,4.6万,暂无,Android 4.1.x 以上,16.9MB,2018年03月22日,2.3.0.2
网上购物-快递,快递易查,5,易查138,9.2万,50.00%,Android 1.6.0 以上,3.12MB,2015年01月30日,7.7.130912
网上购物-快递,邻家宅急送,0,上海邻趣网络科技有限公司,1.6万,暂无,Android 4.0.3 以上,18.42MB,2018年02月01日,6.7.5
网上购物-快递,快递物流单号查询平台,0,深圳市彩易宣移动互联网科技有限公司,7785,暂无,Android 3.0.0 以上,1.22MB,2017年12月16日,6.0
网上购物-快递,陆鲸货主,362,浙江传化陆鲸科技有限公司,2万,100.00%,Android 4.1.x 以上,23.3MB,2018年01月08日,5.1.0
网上购物-快递,山东出入境,0,上海浪潮云计算服务有限公司,3915,暂无,Android 4.0.2 以上,16.64MB,2017年06月12日,1.0.3
网上购物-快递,快递查询助手,0,sinyuee.com,4.2万,暂无,Android 1.6.0 以上,251.95KB,2014年09月02日,1.2
网上购物-快递,货车之家,0,,1.8万,暂无,Android 2.2.x 以上,6.9MB,2016年08月25日,1.0
网上购物-快递,嘀嗒快递,44,深圳市点易达科技有限公司,26.8万,78.00%,Android 2.3.7 以上,6.06MB,2016年08月10日,V1.5.5
网上购物-快递,快服务,20,北京快服务科技有限公司,3.7万,100.00%,Android 4.0.2 以上,19.6MB,2018年02月08日,6.1.1
网上购物-快递,远成店小二,0,,1650,暂无,Android 4.0.2 以上,6.14MB,2017年12月19日,2.23
网上购物-快递,物流帮帮,1,来自互联网,2.5万,100.00%,Android 4.0.2 以上,21.84MB,2017年05月05日,1.0.5.5
网上购物-快递,中国野鸟速查,0,深圳市载途科技有限公司,4290,暂无,Android 4.0.2 以上,33.72MB,2016年07月11日,2.3
网上购物-快递,百世招财进宝,0,,970,暂无,Android 4.0.3 以上,2.5MB,2016年12月24日,0.0.1
网上购物-快递,微掌柜,0,快宝（上海）网络技术有限公司,2400,暂无,Android 4.1.x 以上,10.44MB,2018年02月01日,1.4.00
网上购物-快递,腾云智联,0,深圳市鑫益嘉科技股份有限公司,3615,暂无,Android 4.0.2 以上,22.56MB,2018年03月08日,1.7
网上购物-快递,宝燕到家,0,上海秒浪电子科技有限公司,1785,暂无,Android 4.0.3 以上,10.2MB,2017年12月08日,2.3
网上购物-快递,驿站,0,广州金眼信息技术有限公司,4755,暂无,Android 2.2.x 以上,10.53MB,2016年09月01日,2.3.5
网上购物-快递,KMB  LW,0,KMB,3.6万,暂无,Android 2.3.2 以上,29.04MB,2016年05月07日,2.9.4
网上购物-快递,顺丰快递查询,2,红飞飞工作室,4.6万,暂无,Android 2.1.0 以上,1005.86KB,2014年09月05日,1.0
网上购物-快递,如徕神掌,0,上海辛瑞信息科技有限公司,1.8万,暂无,Android 4.2.x 以上,12.1MB,2016年07月15日,1.7.20160711
网上购物-快递,昆山市民,0,,1680,暂无,Android 4.1.x 以上,50.83MB,2017年12月18日,v2.5.0
网上购物-快递,快递查询,1,赵明雷,1.7万,暂无,Android 2.3.7 以上,2.06MB,2016年07月15日,2.8
网上购物-快递,罗计车宝,73,北京运科网络科技有限公司,8.5万,99.00%,Android 4.0.2 以上,14.94MB,2018年02月22日,3.10.0
网上购物-快递,国通快递,0,上海红楼快递集团有限公司,1485,暂无,Android 4.1.x 以上,7.85MB,2018年01月22日,1.1.5
网上购物-快递,一手活,0,深圳一手活信息技术股份有限公司,2.4万,暂无,Android 4.0.2 以上,7.92MB,2016年08月17日,3.0.0
网上购物-快递,全国快递追踪,10,陈材佳,3万,100.00%,Android 2.2.x 以上,1.12MB,2016年08月17日,5.0.2
网上购物-快递,沙师弟运力管家,44,广东沙师弟网络科技有限公司,6万,100.00%,Android 4.0.3 以上,14.54MB,2018年03月14日,3.7.3
网上购物-快递,豆芽,0,梦断代码,1059,暂无,Android 4.0.3 以上,3.18MB,2017年05月11日,1.0.0-beta.5
网上购物-快递,物流查询,0,,2.2万,暂无,Android 3.0.0 以上,1.34MB,2015年06月17日,1.1.20150616
网上购物-快递,米兔韩流,9,爱米兔,18.7万,42.00%,Android 4.1.x 以上,34.31MB,2018年02月07日,2.0.1
网上购物-快递,洛运通,0,洛阳捷融网络科技有限公司,2715,暂无,Android 4.1.x 以上,4.45MB,2017年07月13日,1.2.1
网上购物-快递,人脉客源多,17,钟祥市金楚家网络科技有限公司,1.3万,100.00%,Android 2.3.2 以上,7.3MB,2017年09月14日,1.5.5
网上购物-快递,爱水,106,上海三川爱水科技有限公司,21.1万,暂无,Android 4.3.x 以上,34.93MB,2018年02月22日,3.0.13
网上购物-快递,帮帮货车,0,河南仓金网络科技有限公司,7455,暂无,Android 4.0.3 以上,5.59MB,2017年11月02日,1.1.8
网上购物-快递,采吧,1,山东采吧网络科技有限公司,1.2万,暂无,Android 4.2.x 以上,22.12MB,2018年02月22日,4.2.1
网上购物-快递,货运滴滴司机端,2,,2.6万,暂无,Android 4.0.2 以上,2.14MB,2015年05月14日,1.0
网上购物-快递,快递E栈,2,南昌巨虎网络科技有限责任公司,1.4万,暂无,Android 4.0.2 以上,6.91MB,2015年07月08日,2.0.0
网上购物-快递,新医大一附院,0,苏州智康信息科技有限公司,3.2万,暂无,Android 2.3.7 以上,8.39MB,2017年08月17日,2.0.1
网上购物-快递,空气质量发布,0,北京墨迹风云科技股份有限公司,1680,暂无,Android 4.1.x 以上,5.68MB,2018年02月06日,1.2.9
网上购物-快递,买家秀,0,杭州耀秀电子商务有限公司,4650,暂无,Android 4.0.3 以上,20.7MB,2017年04月12日,1.1.4
网上购物-快递,微转领袖,1,杭州钜云科技有限公司,2万,100.00%,Android 4.1.x 以上,53.95MB,2017年02月23日,3.3.0
网上购物-快递,快跑者商户端,0,成都零点信息技术有限公司,3825,暂无,Android 4.0.2 以上,9.88MB,2018年02月26日,2.4.3
网上购物-快递,货车司机,0,,1740,暂无,Android 4.0.2 以上,20.16MB,2017年03月17日,1.0
网上购物-快递,熊猫快收,0,南京百米需供应链管理有限公司,9375,暂无,Android 4.0.2 以上,23.33MB,2017年01月17日,3.1.0.170103
网上购物-快递,钢叮,0,五矿电子商务有限公司,1455,暂无,Android 4.1.x 以上,25.17MB,2018年03月22日,3.0.9
网上购物-快递,微销通配货版,0,广州市凤南网络科技有限公司,790,暂无,Android 4.0.3 以上,3.1MB,2017年12月20日,1.0.2
网上购物-快递,邮政网,0,来自互联网,2万,暂无,Android 2.1.0 以上,6MB,2014年09月25日,1.0
网上购物-快递,PDA2,0,北京掌上先机网络科技有限公司,1035,暂无,Android 4.0.3 以上,3.1MB,2017年02月13日,2.2.9
网上购物-快递,黑龙江志愿服务,0,黑龙江东北数字出版传媒有限公司,2.7万,暂无,Android 2.2.x 以上,2.61MB,2015年05月13日,1.1.5
网上购物-快递,货运通,0,山东田润物流发展有限公司,1.2万,暂无,Android 3.0.0 以上,19.79MB,2016年06月01日,1.20
网上购物-快递,万全速配,0,福建凌跃科技发展有限公司,9555,暂无,Android 4.0.2 以上,11.94MB,2017年10月20日,2.2.1
网上购物-快递,美宜佳办公,0,,7455,暂无,Android 4.0.2 以上,12.01MB,2016年08月27日,1.1.0
网上购物-快递,爱运宝,0,成都爱运科技有限公司,1050,暂无,Android 4.0.3 以上,18.03MB,2018年04月10日,3.0.7
网上购物-快递,物流信息查询平台,0,本科信息,1845,暂无,Android 4.1.x 以上,11.09MB,2016年09月23日,2.0.1
网上购物-快递,实名盾管理版,0,天津万熹翼科技有限公司,3645,暂无,Android 4.0.3 以上,26.06MB,2018年01月12日,2.0.12
网上购物-快递,精准客源,0,,795,暂无,Android 4.1.x 以上,53.85MB,2017年12月18日,3.3.0
网上购物-快递,running man高清中字,0,芜湖魔方网络信息服务有限公司,1万,暂无,Android 2.3.2 以上,7.76MB,2014年12月26日,6.56
网上购物-快递,快递网,7,,1.1万,83.00%,Android 2.2.x 以上,5.41MB,2015年11月26日,1.0.0
网上购物-快递,小麦专业版,0,无锡英臻科技有限公司,979,暂无,Android 4.0.2 以上,10.48MB,2018年03月23日,2.6.4
网上购物-快递,韵达快递网,0,颜永峰,2.6万,暂无,Android 2.2.x 以上,583.01KB,2014年10月22日,1.0
网上购物-快递,同城快递,0,湖南潋宇信息技术有限公司,1.1万,暂无,Android 2.2.x 以上,984.38KB,2016年01月11日,1.0
网上购物-快递,快递到家监管版,0,中国电信股份有限公司福州分公司,1.3万,暂无,Android 2.3.2 以上,13.44MB,2018年03月30日,1.3.9
网上购物-快递,公子小白,0,深圳狗尾草智能科技有限公司,1.2万,暂无,Android 4.0.3 以上,12.4MB,2017年11月30日,3.2.4
网上购物-快递,嗒嗒配货,680,成都嗒嗒创客信息科技有限公司,34.2万,100.00%,Android 2.2.x 以上,14.02MB,2017年09月05日,01.01.0013
网上购物-快递,ATVCloud,0,来自海纳搜索,2.9万,暂无,Android 2.3.7 以上,10.16MB,2015年11月11日,V1.9.0
网上购物-快递,批发网,1,guoxinyu,1.7万,暂无,Android 2.1.0 以上,2.26MB,2014年09月02日,1.0.1
网上购物-快递,冰淇淋的做法,0,radical,3.4万,暂无,Android 2.2.x 以上,17.58MB,2014年09月02日,1.1
网上购物-快递,自由快送员,12,深圳市天幕信息科技有限公司,888,92.00%,Android 4.0.2 以上,26.78MB,2017年12月27日,1.5.1
网上购物-快递,远成快运,0,远成快运(上海)有限公司,8550,暂无,Android 4.0.3 以上,9.87MB,2016年11月07日,1.4
网上购物-快递,物流小秘（货主版）,0,北京易达小鸟科技有限公司,13.2万,暂无,Android 2.3.2 以上,9.57MB,2017年05月18日,4.0.2
网上购物-快递,爱抢购商家,0,上海多维度网络科技有限公司,8400,暂无,Android 4.0.2 以上,14.16MB,2017年11月06日,3.4.0
网上购物-快递,移动EKP,0,蓝凌软件,4.4万,暂无,Android 2.2.x 以上,2.83MB,2015年05月25日,3.2.1
网上购物-快递,日日顺,1,,3.3万,100.00%,Android 2.2.x 以上,6.12MB,2015年01月29日,1.1.1
网上购物-快递,客源助手,38,深圳市觉悟科技有限公司,1.5万,93.00%,Android 2.3.2 以上,6.81MB,2016年11月02日,1.1.12
网上购物-快递,裹裹抢单,0,,360,暂无,Android 4.1.x 以上,16.41MB,2017年12月22日,V1.1.5
网上购物-快递,控件,0,守护使,2万,暂无,Android 4.0.3 以上,4.03MB,2016年07月26日,6.1.2426
网上购物-快递,顺路直递,0,深圳市航海航空物流有限公司,2610,暂无,Android 2.3.2 以上,22.4MB,2018年01月16日,2.1.47
网上购物-快递,移动外勤平台,0,,315,暂无,Android 2.1.0 以上,2.83MB,2016年12月19日,2.4.5
网上购物-快递,指尖快递,4,贯通云网（北京）信息技术有限公司,20.7万,暂无,Android 4.2.x 以上,19.16MB,2017年09月05日,5.1.2
网上购物-快递,幸福寻甸,0,寻甸星立岚网络科技有限公司,5280,暂无,Android 4.2.x 以上,17.92MB,2018年04月04日,6.0
网上购物-快递,淘金猫网购频道,0,厦门守兔网络科技有限公司,390,暂无,Android 4.0.3 以上,23.33MB,2018年01月29日,2.0.1
网上购物-快递,滨州公安掌上交警一点通,0,滨州市公安局交通警察支队,1.6万,暂无,Android 4.1.x 以上,29.34MB,2017年05月08日,5.3.0.00
网上购物-快递,尾货宝,0,广州市国顺信息科技有限公司,2.6万,暂无,Android 2.2.x 以上,4.89MB,2015年03月27日,1.0.0
网上购物-快递,递拎宝3.0,1,上海递拎宝网络科技有限公司,2.2万,100.00%,Android 4.0.3 以上,26.84MB,2017年09月26日,3.3.7
网上购物-快递,微商客源神器,3,,2.4万,暂无,Android 4.1.x 以上,23.82MB,2016年07月06日,2.6.0
网上购物-快递,快递速查,0,Apache,879,暂无,Android 2.2.x 以上,763.67KB,2014年09月02日,3.0
网上购物-快递,一网通,0,北京鼎智思维市场信息咨询有限责任公司,1.8万,暂无,Android 2.2.x 以上,4.33MB,2014年09月10日,1.3.1
网上购物-快递,查快递,4,宋岩,2580,100.00%,Android 3.0.0 以上,3.08MB,2016年09月20日,1.4.3
网上购物-快递,优速掌控宝,11,深圳市掌控i智能技术有限公司,4万,暂无,Android 2.3.7 以上,2.25MB,2014年09月02日,4.1.3
网上购物-快递,Here Car,0,惠州市黑鹅共享科技有限公司,855,暂无,Android 4.0.2 以上,14.81MB,2018年02月07日,2.7.0
网上购物-快递,快递易,0,秦皇岛浩域文化传播有限公司,1.1万,暂无,Android 2.2.x 以上,18.92MB,2018年01月08日,V5.2.1
网上购物-快递,好多车找车找货(司机版),0,好多车联（深圳）科技有限公司,1.2万,暂无,Android 4.0.2 以上,15.17MB,2018年03月02日,4.5.5
网上购物-快递,韵达,0,liangfang9808,1.2万,暂无,Android 4.0.2 以上,1.17MB,2014年09月02日,1.22
网上购物-快递,IQ标准测试,1,大豆子,3.2万,暂无,Android 2.1.0 以上,1.64MB,2014年09月02日,7.0
网上购物-快递,安能宝,0,,3495,暂无,Android 2.2.x 以上,424.8KB,2016年08月26日,1.0
网上购物-快递,安能宝,0,,3495,暂无,Android 2.2.x 以上,424.8KB,2016年08月26日,1.0
网上购物-快递,店员助手,0,,531,暂无,Android 4.1.x 以上,17.42MB,2017年12月15日,2.3
网上购物-快递,力燕物流网,0,,1.2万,暂无,Android 2.1.0 以上,352.54KB,2016年02月01日,3.0
网上购物-快递,水果批发,0,,4875,暂无,Android 2.2.x 以上,1.57MB,2016年08月25日,1.0
网上购物-快递,奥凯航空,3,厦门市惠诚亨通信技术有限公司,1.1万,暂无,Android 2.0.0 以上,15.67MB,2015年06月05日,2.0.0
网上购物-快递,客源神器,2,安康市皓翔节能保温材料有限公司,4.9万,暂无,Android 4.0.2 以上,7.54MB,2016年05月03日,1.0.30
网上购物-快递,1号货的司机版,0,广州米豆信息科技有限公司,4.2万,暂无,Android 4.2.x 以上,23.4MB,2018年03月08日,4.4.3
网上购物-快递,餐馆无忧,0,北京米树科技有限公司,3万,暂无,Android 4.0.2 以上,6.27MB,2016年11月30日,2.3.5
网上购物-快递,惠龙易通车主版,0,惠龙易通国际物流股份有限公司,1.3万,暂无,Android 4.0.2 以上,11.06MB,2017年12月14日,4.0.9
网上购物-快递,爱买卖货源,5,成都星购途信息技术有限公司,1545,100.00%,Android 4.2.x 以上,19.69MB,2017年10月31日,2.0.0
网上购物-快递,速拉回程车,0,上海速拉网络科技有限公司,615,暂无,Android 4.1.x 以上,23.93MB,2017年11月14日,1.5.1
网上购物-快递,快递助手,0,天网,5.4万,暂无,Android 1.6.0 以上,644.53KB,2014年09月02日,4.52b
网上购物-快递,直通宝司机版,1,广东美的制冷设备有限公司,3.7万,暂无,Android 3.0.0 以上,11.62MB,2016年08月24日,2.0.20
网上购物-快递,腾云管家,0,福建腾云宝有限公司,1.5万,暂无,Android 4.0.3 以上,6.98MB,2017年12月15日,1.5.9
网上购物-快递,物流通,0,物流通信息网,2.8万,暂无,Android 2.2.x 以上,1.4MB,2014年09月02日,1.0.9
网上购物-快递,百家姓朗读版,0,佟阳,2万,暂无,Android 2.2.x 以上,13.8MB,2016年06月17日,2.17
网上购物-快递,易用宝,0,福建图灵时代网络科技有限公司,1.5万,暂无,Android 3.0.0 以上,4.55MB,2016年12月22日,1.3
网上购物-快递,执业兽医总题库,0,娄底市小芒网络科技有限公司,3600,暂无,Android 2.1.0 以上,11.35MB,2018年02月04日,4.21
网上购物-快递,香港地铁地图,0,来自互联网,5280,暂无,Android 2.3.7 以上,3.34MB,2017年02月25日,Hong Kong Metro
网上购物-快递,快递到家市民版,2,中国电信股份有限公司福州分公司,5.1万,暂无,Android 2.3.2 以上,12.79MB,2017年11月29日,1.1.1
网上购物-快递,批发佬,0,湖南聚一聚二网络科技有限公司,1.1万,暂无,Android 4.0.3 以上,14.42MB,2017年06月27日,5.4.3
网上购物-快递,顺网无线营销客户端,0,,9375,暂无,Android 2.2.x 以上,897.46KB,2016年08月30日,1.0
网上购物-快递,物流云交易,0,上海陆上货运交易中心有限公司,7635,暂无,Android 2.2.x 以上,8.95MB,2017年06月20日,1.0.2
网上购物-快递,UC奇趣段子,0,,825,暂无,Android 4.0.2 以上,10.48MB,2017年12月21日,3.0.2.979
网上购物-快递,百家姓朗读版,0,佟阳,2万,暂无,Android 2.2.x 以上,13.8MB,2016年06月17日,2.17
网上购物-快递,易用宝,0,福建图灵时代网络科技有限公司,1.5万,暂无,Android 3.0.0 以上,4.55MB,2016年12月22日,1.3
网上购物-快递,单号查询,0,,3885,暂无,Android 3.0.0 以上,1.34MB,2015年12月08日,1.2
网上购物-快递,康美健康管家,0,康美健康云服务有限公司,5340,暂无,Android 4.3.x 以上,59.03MB,2018年01月19日,3.3.3
网上购物-快递,货源宝,0,山西货通天下网络科技有限公司,555,暂无,Android 4.2.x 以上,29.34MB,2017年12月20日,1.0
网上购物-快递,车捕头,0,苏州羲和北斗电子科技有限公司,435,暂无,Android 4.0.2 以上,19.95MB,2017年12月27日,1.1.216
网上购物-快递,快货运司机,0,杭州快驰科技有限公司,3万,暂无,Android 2.3.2 以上,16.28MB,2017年08月14日,4.4.9
网上购物-快递,同城闪送,0,成都大搜索科技有限公司,1215,暂无,Android 4.4.4 以上,12.03MB,2018年04月04日,3.7
网上购物-快递,百万人脉,2,深圳市酷盈科技有限公司,2025,50.00%,Android 4.2.x 以上,15.39MB,2017年04月26日,1.12.6
网上购物-快递,快运滴货主,0,中物智福（福建）物流有限公司,20.5万,暂无,Android 4.4.4 以上,53.43MB,2018年03月21日,2.0.2
网上购物-快递,快递员,0,云床科技,4.4万,暂无,Android 2.3.2 以上,5.7MB,2015年05月24日,1.8.1
网上购物-快递,月亮天使,0,蓝月亮（中国）有限公司,9.2万,暂无,Android 3.0.0 以上,2.06MB,2016年01月22日,2.1.0
网上购物-快递,出入境移动App,0,,5235,暂无,Android 2.3.2 以上,3.59MB,2016年09月04日,1.0
网上购物-快递,中国茶叶网,0,掌商科技,1.4万,暂无,Android 2.2.x 以上,1.89MB,2016年06月07日,6.6
网上购物-快递,移动冷链,0,,980,暂无,Android 4.0.2 以上,4.52MB,2016年09月04日,1.0
网上购物-快递,随机点名,2,,2460,暂无,Android 2.2.x 以上,4.34MB,2015年12月09日,1.2
网上购物-快递,1号货的,0,广州米豆信息科技有限公司,4.2万,暂无,Android 4.2.x 以上,11.03MB,2018年02月24日,4.4.2
网上购物-快递,查字典-在线字典,1,厦门书生天下教育咨询有限公司,5145,暂无,Android 2.2.x 以上,2.78MB,2016年11月09日,1.1.1
网上购物-快递,水产养殖网,0,,9015,暂无,Android 2.2.x 以上,10.43MB,2015年11月21日,3.6.0
网上购物-快递,推推99,0,北京神鹰城讯科技有限公司,1.5万,暂无,Android 2.2.x 以上,4.91MB,2014年11月18日,1.0
网上购物-快递,货运宝,0,常州易呼通物流科技有限公司,2295,暂无,Android 4.0.2 以上,16.08MB,2017年11月30日,2.1.13
网上购物-快递,申通快递,19,,30.5万,暂无,Android 1.5.0 以上,9.89MB,2014年09月02日,0.1 beta
网上购物-快递,茶虫,12,山东茶虫网络科技有限公司,17.3万,暂无,Android 4.0.3 以上,9.92MB,2016年12月23日,2.2.1
网上购物-快递,准儿翻译,0,北京分音塔科技有限公司,380,暂无,Android 4.1.x 以上,83.82MB,2018年03月30日,1.2.6
网上购物-快递,掌上便利店,9,移联网信集团有限公司,11万,50.00%,Android 2.2.x 以上,10.99MB,2016年03月30日,2.8
网上购物-快递,搬运帮,0,搬运帮（北京）科技有限公司,1290,暂无,Android 4.4.4 以上,12.42MB,2018年03月06日,2.24c
网上购物-快递,Fossil Q,0,富思商贸（上海）有限公司,510,暂无,Android 4.4.4 以上,17.62MB,2018年03月07日,2.2.1
网上购物-快递,配货宝,0,my7c7c,2.7万,暂无,Android 2.3.2 以上,2.76MB,2014年09月06日,1.0
网上购物-快递,客灵通,0,,960,暂无,Android 4.0.3 以上,13.95MB,2017年03月09日,2.1.4
网上购物-快递,易邮,0,蓝芯,7830,暂无,Android 2.2.x 以上,3.68MB,2014年09月11日,1.23
网上购物-快递,沙师弟同城配送,0,广东沙师弟网络科技有限公司,624,暂无,Android 4.1.x 以上,23.59MB,2018年03月15日,2.1.2
网上购物-快递,微商客源达人,-1,钟祥市金楚家网络科技有限公司,1.8万,100.00%,Android 2.3.2 以上,5.26MB,2017年08月19日,1.1.8
网上购物-快递,寄递哥,0,Google Play提供,8040,暂无,Android 4.0.3 以上,5.92MB,2016年12月26日,2.4.0
网上购物-快递,平安护身佛,122,点逸互动（北京）科...,3万,92.00%,Android 2.2.x 以上,31.3MB,2015年07月13日,1.6.9
网上购物-快递,柚递员,0,江苏柚到家网络科技有限公司,355,暂无,Android 2.3.2 以上,9.23MB,2018年04月09日,1.2.14
网上购物-快递,广东批发网,0,,3600,暂无,Android 1.5.0 以上,859.38KB,2016年09月01日,1.0
网上购物-快递,福佑卡车,0,南京福佑在线电子商务有限公司,1.3万,暂无,Android 4.0.2 以上,13.97MB,2018年01月10日,2.4.6
网上购物-快递,蜂巢管家,0,深圳市金蜂巢网络科技有限公司,2160,暂无,Android 4.4.4 以上,6.4MB,2017年11月17日,1.5.4
网上购物-快递,圈子店,0,网富天下（北京）电子商务有限公司,1530,暂无,Android 4.3.x 以上,41.92MB,2018年03月15日,2.0.2
网上购物-快递,第一物流,1,运力宝（北京）科技有限公司,4.1万,100.00%,Android 3.0.0 以上,16.58MB,2016年08月30日,2.2.20
网上购物-快递,快召货车（司机端）,2,重庆博尼施科技有限公司,6.4万,暂无,Android 3.0.0 以上,5.46MB,2015年07月13日,6.0
网上购物-快递,快狗速运,0,高高信息科技（上海）有限公司深圳分公司,741,暂无,Android 4.1.x 以上,9.37MB,2017年08月23日,1.0.0
网上购物-快递,珍珠奶茶小铺,0,,6600,暂无,Android 2.1.0 以上,19.03MB,2016年08月30日,1.0
网上购物-快递,顺丰快递单号查询跟踪,0,,2100,暂无,Android 2.2.x 以上,888.67KB,2016年09月03日,2.0
网上购物-快递,尾货通,0,徐州麦邦网络科技有限公司,1935,暂无,Android 4.3.x 以上,72.35MB,2018年03月09日,2.3.4
网上购物-快递,错觉(高清版),0,来自互联网,1365,暂无,Android 2.3.2 以上,8.07MB,2014年09月02日,3.0.0
网上购物-快递,石联网,0,石联网,2010,暂无,Android 2.1.0 以上,3.41MB,2014年09月02日,3.1
网上购物-快递,蜂巢,0,康辉集团北京胜佳科技有限公司,632,暂无,Android 4.1.x 以上,15.03MB,2018年03月27日,1.2.0
网上购物-全球导购,小红书,287,行吟信息科技（上海）有限公司,746.6万,79.00%,Android 4.3.x 以上,47.63MB,2018年03月26日,5.13.0
网上购物-商城-团购-优惠-全球导购,一淘,5127,淘宝（中国）软件有限公司,1302.1万,90.00%,Android 4.0.3 以上,21.45MB,2018年04月04日,8.4.2
网上购物-全球导购,淘宝Lite,39,淘宝（中国）软件有限公司,138.3万,80.00%,Android 4.0.2 以上,29.23MB,2017年11月17日,4.1.4
网上购物-优惠-全球导购,网易考拉海购,441,杭州优买科技有限公司,1122.8万,96.00%,Android 4.1.x 以上,35.26MB,2018年03月23日,3.13.1
网上购物-全球导购,花生日记,1388,广州花生日记网络科技有限公司,32.3万,98.00%,Android 4.0.3 以上,11.41MB,2018年03月27日,2.3.0
网上购物-全球导购,淘宝联盟,632,淘宝网,274.8万,53.00%,Android 4.1.x 以上,20.95MB,2018年02月05日,5.5.1
网上购物-全球导购,环球捕手,-1,杭州智品文化创意有限公司,11.9万,暂无,Android 4.1.x 以上,25.96MB,2018年04月03日,3.2.0
网上购物-全球导购,男衣库,648,深圳男衣库科技有限公司,90.8万,99.00%,Android 4.1.x 以上,27.73MB,2018年03月30日,3.0.26
网上购物-全球导购,会过VIP,4,武汉会过科技有限公司,3.5万,50.00%,Android 4.1.x 以上,11.84MB,2018年04月03日,2.8.0
网上购物-全球导购,易物网,1,前海易物（深圳）电子商务有限公司,40.9万,暂无,Android 4.1.x 以上,10.07MB,2017年08月07日,2.9.2
网上购物-全球导购,浪潮电子商务,0,,8.7万,暂无,Android 2.2.x 以上,3.58MB,2015年05月19日,1.3.8_wf_z
网上购物-全球导购,别样,0,上海别样秀数据科技有限公司,6.7万,暂无,Android 4.1.x 以上,12.07MB,2018年04月04日,1.36.0
网上购物-全球导购,毒物,1,格物致诚（北京）信息技术有限公司,11.9万,暂无,Android 3.1.0 以上,24.23MB,2017年12月27日,1.4.1
网上购物-全球导购,慢慢买比价购物助手,11,余姚市上易网络有限公司,13.5万,80.00%,Android 2.3.2 以上,11.53MB,2018年04月10日,2.9.5
网上购物-全球导购,豌豆公主,152,北京良市无际科技有限公司,29.7万,94.00%,Android 4.1.x 以上,31.05MB,2018年03月29日,5.1.0
网上购物-全球导购,东家,4,杭州有朋网络技术有限公司,80.3万,45.00%,Android 4.3.x 以上,23.11MB,2018年03月20日,4.5.20
网上购物-全球导购,火球买手,855,杭州火球科技有限公司,13.8万,100.00%,Android 4.1.x 以上,11.96MB,2018年03月19日,5.3.0
网上购物-全球导购,男人帮,1,厦门男人网信息技术有限公司,2.8万,100.00%,Android 4.0.3 以上,13.99MB,2018年01月10日,1.7.0
网上购物-全球导购,乐天免税店,5,乐天免税店,101万,42.00%,Android 4.1.x 以上,2.42MB,2017年07月12日,5.3
网上购物-商城-优惠-全球导购,洋码头,209,上海洋码头网络技术有限公司,87.2万,82.00%,Android 4.1.x 以上,36.6MB,2018年04月03日,5.1.0
网上购物-全球导购,喵喵折,2,北京喵喵物语科技有限公司,3.2万,100.00%,Android 4.0.2 以上,20.86MB,2018年03月15日,1.2.3
网上购物-全球导购,泡泡手游,0,武汉数游信息技术有限公司,46.4万,暂无,Android 4.1.x 以上,10.12MB,2017年08月24日,1.2.3
网上购物-全球导购,良仓,56,北京良仓文化传播有限公司,43.1万,95.00%,Android 4.0.2 以上,16.67MB,2018年02月06日,3.7.0
网上购物-全球导购,洋葱海外仓,-1,广州市两棵树网络科技有限公司,2.8万,100.00%,Android 4.1.x 以上,68.26MB,2018年04月03日,3.3.5
网上购物-全球导购,乐天免税店,4,乐天游乐购咨询（北京）有限公司,1.9万,100.00%,Android 4.1.x 以上,18.61MB,2017年12月28日,6.0
网上购物-全球导购,凹凹啦美妆,2,任月强,5.3万,100.00%,Android 4.0.2 以上,8.08MB,2016年05月11日,2.0.3
网上购物-全球导购,i免税海外购,0,深圳市国有免税商品（集团）有限公司,2.3万,暂无,Android 4.1.x 以上,23.98MB,2018年03月26日,1.1.4
网上购物-全球导购,悦惠,0,杭州贩梦科技有限公司,4155,暂无,Android 4.0.2 以上,6.32MB,2018年04月04日,1.0.16
网上购物-全球导购,腾讯儿童手表,0,深圳佩奇数码科技有限公司,3.4万,暂无,Android 3.0.0 以上,19.89MB,2017年09月09日,1.5.5
网上购物-全球导购,优品快报,1,成都网悦时代科技有限公司,9750,100.00%,Android 4.4.4 以上,15.84MB,2018年03月01日,1.2.8
网上购物-全球导购,苏宁推客,2,苏宁云商集团股份有限公司,5.1万,100.00%,Android 4.2.x 以上,19.8MB,2018年04月10日,3.5.2
网上购物-全球导购,有调,3,数智云科技（北京）有限公司,7.9万,80.00%,Android 4.3.x 以上,30.84MB,2018年03月17日,3.9.19
网上购物-全球导购,批批网服装女装批发,2,广州市批来批往信息科技有限公司,8.5万,50.00%,Android 4.0.3 以上,46.16MB,2018年03月28日,v4.9.1
网上购物-全球导购,日上会员,0,,6660,暂无,Android 2.2.x 以上,3.55MB,2017年12月18日,1.0.9
网上购物-全球导购,奋斗在韩国,3,青岛韩华快讯网络传媒有限公司,6.4万,100.00%,Android 4.0.2 以上,14.57MB,2017年08月09日,2.7.7
网上购物-全球导购,新罗免税店,7,三星新罗商务服务（北京）有限公司,21万,暂无,Android 3.2.x 以上,16.34MB,2018年03月07日,9.17.0
网上购物-全球导购,有赞,5,杭州有赞科技有限公司,7.9万,暂无,Android 4.1.x 以上,7.78MB,2017年07月13日,2.1.2
网上购物-全球导购,NOTHING,0,杭州决简科技有限公司,4.7万,暂无,Android 4.1.x 以上,21.82MB,2018年04月02日,2.4.7
网上购物-全球导购,省医通,1,,2.9万,100.00%,Android 2.3.2 以上,11.12MB,2016年08月31日,1.1.1
网上购物-全球导购,比比宝,97,西安华景信息科技有限公司,26.7万,56.00%,Android 4.0.3 以上,17.9MB,2018年04月08日,5.0.0
网上购物-全球导购,红酒世界,9,深圳红酒世界网新媒体有限公司,1.5万,100.00%,Android 4.1.x 以上,6.42MB,2018年03月14日,5.0.5
网上购物-全球导购,ebay Shop,0,,4515,暂无,Android 2.2.x 以上,658.2KB,2016年09月02日,1.0.1
网上购物-全球导购,Alibaba B2B Trade App,1,钟国军,2.1万,暂无,Android 4.1.x 以上,29.22MB,2018年03月06日,6.2.0
网上购物-全球导购,惠首尔,234,惠韩（上海）国际贸易有限公司,135.8万,84.00%,Android 4.1.x 以上,12.29MB,2018年04月08日,2.2.9
网上购物-全球导购,91淘金,4041,珠海麒润网络科技有限公司,201.5万,98.00%,Android 2.2.x 以上,1.25MB,2017年08月02日,7.0.0
网上购物-全球导购,达令全球好货,134,北京橙明科技有限公司,241.2万,58.00%,Android 4.0.2 以上,9.3MB,2018年01月19日,6.0.0
网上购物-全球导购,波罗蜜日韩购,11,上海播乐网络科技有限公司,15.3万,70.00%,Android 4.1.x 以上,20.58MB,2018年02月06日,3.9.3
网上购物-全球导购,SEPHORA,1,丝芙兰（上海）化妆品销售有限公司,4.1万,暂无,Android 4.4.4 以上,53.68MB,2018年03月02日,5.2.20
网上购物-全球导购,穿针引线,4,深圳尚线科技有限公司,9.7万,48.00%,Android 4.0.2 以上,18.68MB,2017年11月01日,4.2.17
网上购物-全球导购,北美省钱快报,5,新月亮网络科技（北京）有限公司,16.4万,暂无,Android 4.0.3 以上,23.15MB,2018年04月04日,8.4.1_01
网上购物-全球导购,海狐海淘,428,杭州雷讯网络技术股份有限公司,347.7万,97.00%,Android 4.0.2 以上,9.38MB,2018年03月21日,4.22
网上购物-全球导购,HIGO,9,北京乐呵互动信息技术有限公司,31.5万,40.00%,Android 4.0.2 以上,31.37MB,2018年02月11日,7.2.2
网上购物-全球导购,辣品,3,青岛软媒网络科技有限公司,7.2万,50.00%,Android 4.0.2 以上,12.55MB,2018年03月21日,3.10
网上购物-全球导购,返钱宝宝,3,上海丛浇鹑谛畔⒎务有限公司,5.6万,67.00%,Android 4.1.x 以上,12.23MB,2018年01月22日,2.2.0
网上购物-全球导购,易百客,0,易百客租车,7605,暂无,Android 4.3.x 以上,9.68MB,2017年05月11日,1.1.7
网上购物-全球导购,路口,64,杭州铕人网络科技有限公司,37万,82.00%,Android 4.1.x 以上,10.07MB,2018年03月04日,3.9.5
网上购物-全球导购,苏宁广场,0,苏宁云商集团股份有限公司,3万,暂无,Android 4.0.3 以上,21.33MB,2018年01月22日,2.0.0
网上购物-全球导购,奇货,1,北京幂次元科技有限公司,3630,暂无,Android 4.0.2 以上,12.38MB,2016年06月27日,1.4.1
网上购物-全球导购,易订商城,0,北京易商通科技股份有限公司,3990,暂无,Android 4.4.4 以上,6.69MB,2018年01月18日,5.16
网上购物-全球导购,HiHZ,0,Google Play提供,1.2万,暂无,Android 4.0.2 以上,16MB,2017年11月16日,7.2
网上购物-全球导购,i丹尼斯,0,极点游戏,7515,暂无,Android 2.1.0 以上,3.39MB,2014年09月02日,1.0
网上购物-全球导购,教务助手,4,谭博颖,7.2万,48.00%,Android 2.3.2 以上,3.73MB,2015年12月22日,2.4.0
网上购物-全球导购,韩际新世界免税店,0,北京天宇创世科技有限公司,9630,暂无,Android 4.3.x 以上,11.18MB,2018年02月06日,1.0.10
网上购物-全球导购,宝健,1,宝健（中国）有限公司,1.1万,100.00%,Android 4.0.3 以上,7.36MB,2018年02月07日,1.64
网上购物-商城-全球导购,蜜淘全球购,18,北京海淘时代科技有限公司,53.4万,56.00%,Android 2.2.x 以上,10.49MB,2015年12月04日,5.4.2
网上购物-全球导购,手表之家,0,北京表之家信息技术有限公司,4.2万,暂无,Android 4.0.2 以上,2.54MB,2015年02月13日,1.1.0
网上购物-全球导购,华商E家,2,广州市卓创软件开发有限公司,4.6万,100.00%,Android 4.1.x 以上,21.77MB,2018年03月27日,4.4
网上购物-全球导购,淘宝开店教程,19,,11.3万,43.00%,Android 2.2.x 以上,2.89MB,2015年05月26日,2.46
网上购物-全球导购,淘圈微销宝,0,山东银软软件开发有限公司,3555,暂无,Android 2.3.2 以上,2.88MB,2017年07月03日,0.0.25
网上购物-全球导购,品多多,1,湖南旅盟网络科技有限公司,7680,暂无,Android 2.3.2 以上,11.13MB,2018年03月01日,2.3.4
网上购物-全球导购,韩国地图,0,上海韩巢信息科技有限公司,3.3万,暂无,Android 4.0.3 以上,32.99MB,2018年03月27日,1.2.2
网上购物-全球导购,海淘网,1,上海飞境信息科技有限公司,6.1万,暂无,Android 4.1.x 以上,4.37MB,2016年12月21日,2.3.2.29
网上购物-全球导购,男品街,11,中科院上海天文台/穆磊,30.3万,暂无,Android 2.1.0 以上,2.47MB,2014年09月02日,2.1
网上购物-全球导购,小红书返利,-1,曲靖市麒麟区良旭商贸有限公司,5175,暂无,Android 2.3.2 以上,11.46MB,2018年01月02日,1.7.2
网上购物-全球导购,LIFE,1454,上海萌萃信息科技有限公司,61.2万,100.00%,Android 4.0.3 以上,7.53MB,2017年02月16日,3.0.1
网上购物-全球导购,花海仓,22,唯品会(珠海)电子商务有限公司,6.1万,60.00%,Android 4.0.2 以上,17.53MB,2018年04月04日,5.2.0
网上购物-全球导购,离岛免税,0,中免集团三亚市内免税店有限公司,1万,暂无,Android 4.0.2 以上,32.76MB,2017年11月23日,3.2.4
网上购物-全球导购,韩国地图,1,青岛韩华快讯网络传媒有限公司,3.3万,暂无,Android 4.4.4 以上,32.68MB,2018年01月16日,2.1.0
网上购物-全球导购,酷价,0,惠博（天津）科技有限公司,1095,暂无,Android 4.1.x 以上,8.93MB,2017年12月27日,1.8.0
网上购物-全球导购,会过,2,壹鑫通科技发展有限公司,9585,暂无,Android 2.2.x 以上,4.06MB,2014年11月20日,1.2
网上购物-全球导购,侍魂4,0,,8790,暂无,Android 4.0.2 以上,29.77MB,2016年08月25日,1.0
网上购物-全球导购,客户达开店,7,深圳市客户达科技有限公司,5.8万,100.00%,Android 4.0.2 以上,12.36MB,2018年03月19日,2.93
网上购物-全球导购,会买,23,深圳马六甲网络科技有限公司,5.6万,88.00%,Android 4.4.4 以上,9.9MB,2018年01月09日,1.6.2
网上购物-全球导购,美购,44,上海淘玺电子商务有限公司,16.8万,100.00%,Android 3.0.0 以上,17.7MB,2017年10月17日,4.0.0
网上购物-全球导购,云教材,0,北京智启蓝墨信息技术有限公司,4065,暂无,Android 4.0.2 以上,27.43MB,2017年08月03日,2.2.1
网上购物-全球导购,WANTS好物,0,呼朋科技（北京）有限公司,4590,暂无,Android 4.2.x 以上,17.33MB,2018年01月09日,2.3.2
网上购物-全球导购,小世界,8,杭州嘉洁网络科技有限公司,128.9万,45.00%,Android 4.0.3 以上,10.34MB,2018年01月22日,1.7.8.0
网上购物-全球导购,一淘火眼,103,淘宝（中国）软件有限公司,53.9万,48.00%,Android 2.2.x 以上,9.65MB,2015年01月31日,1.7.8
网上购物-全球导购,易商通,0,易商通,7140,暂无,Android 4.1.x 以上,8.79MB,2015年04月24日,6.0204
网上购物-全球导购,ASOS 中国,2,,1.6万,暂无,Android 4.0.2 以上,25.62MB,2015年11月21日,1.0.0
网上购物-全球导购,小够社区,0,建德小够网络科技有限公司,3030,暂无,Android 4.1.x 以上,27.11MB,2018年04月09日,2.6.8.04012087
网上购物-全球导购,Restocks,0,Google Play提供,825,暂无,Android 4.1.x 以上,18.09MB,2018年02月22日,3.2.1
网上购物-全球导购,丰趣海淘,45,上海牵趣网络科技有限公司,30.1万,88.00%,Android 4.0.2 以上,15.02MB,2018年01月09日,4.9.5
网上购物-全球导购,OFashion迷橙,2,玫瑰视界（北京）网络科技有限公司,7万,100.00%,Android 4.4.4 以上,29.83MB,2018年04月02日,5.1.0
网上购物-全球导购,SHOPBOP,0,来自互联网,1.5万,暂无,Android 4.2.x 以上,6.05MB,2017年11月27日,2.1.12-google
网上购物-全球导购,西集全球购,2,北京众嘉禾励科技有限公司,6.2万,50.00%,Android 4.1.x 以上,12.64MB,2018年03月31日,4.6.1
网上购物-全球导购,网易美学,1,网易,6.7万,100.00%,Android 4.0.2 以上,21.4MB,2018年01月25日,1.5.8
网上购物-全球导购,中捷代购,1,北京豪钥科技有限公司,3.6万,100.00%,Android 4.0.3 以上,28.73MB,2018年04月04日,4.4.0
网上购物-全球导购,网上车市,0,枞树（北京）科技有限公司,1.2万,暂无,Android 4.1.x 以上,11.01MB,2018年03月19日,5.0.9
网上购物-全球导购,嘣嘣怦怦邮箱,6,GRANDMASTER SOFTWARE,4.9万,50.00%,Android 4.0.2 以上,18.61MB,2017年02月18日,4.2.2
网上购物-全球导购,车镇车源,0,深圳市易车合创科技有限公司,7335,暂无,Android 4.0.2 以上,18.93MB,2018年04月09日,4.8.0
网上购物-全球导购,海淘,3,广州浩讯信息技术有限公司,5.3万,暂无,Android 4.1.x 以上,16.76MB,2018年03月21日,3.7.2
网上购物-全球导购,北京市公共自行车,1,能仁科技（北京）有限公司,1.6万,暂无,Android 4.1.x 以上,11.54MB,2017年08月18日,2.0.1
网上购物-全球导购,合肥轨道,0,合肥城市轨道交通有限公司,2055,暂无,Android 4.4.4 以上,24.8MB,2017年12月22日,V2.0.9
网上购物-全球导购,云购全球,26,山西云购电子商务有限公司,39.5万,10.00%,Android 4.0.2 以上,9.55MB,2017年08月21日,2.7.1
网上购物-全球导购,55海淘,113,五五海淘（上海）科技股份有限公司,31.9万,50.00%,Android 4.2.x 以上,17.88MB,2018年01月30日,2.11.2
网上购物-全球导购,passport,5,无印良品（上海）商业有限公司,7.1万,48.00%,Android 4.1.x 以上,16.2MB,2018年01月19日,1.6.0
网上购物-全球导购,人人利,4,人人利网络科技（深圳）有限公司,2160,暂无,Android 4.0.3 以上,4.4MB,2018年04月09日,3.0.35
网上购物-全球导购,灵山家园网,0,南京魔苹网络科技有限公司,3180,暂无,Android 4.1.x 以上,35.05MB,2017年11月21日,4.2.1
网上购物-全球导购,店管家,1,上海劲牛信息技术有限公司,4830,100.00%,Android 4.0.3 以上,12.92MB,2018年02月24日,3.1.0
网上购物-全球导购,潮库,1,广州潮库信息科技有限公司,8820,50.00%,Android 4.0.3 以上,25.49MB,2017年06月13日,2.0.5
网上购物-全球导购,侍魂5,0,,653,暂无,Android 2.3.2 以上,96.01MB,2016年12月17日,1.74
网上购物-全球导购,网购淘实惠,1,北京淘实惠信息科技有限公司,8010,暂无,Android 2.3.2 以上,5.92MB,2018年01月26日,3.1.18
网上购物-全球导购,淘返利,31,焦作市讯腾网络技术有限公司,1.8万,54.00%,Android 4.0.3 以上,10.31MB,2018年03月19日,2.8.4
网上购物-全球导购,洋码头海外购,16,上海洋码头网络技术有限公司,42.5万,暂无,Android 2.3.2 以上,2.92MB,2015年08月23日,1.3.0
网上购物-全球导购,搜狗海淘,1,北京搜狗科技发展有限公司,5.6万,暂无,Android 4.1.x 以上,6.88MB,2017年12月21日,1.2.3
网上购物-全球导购,丝芙兰,1,丝芙兰（上海）化妆品销售有限公司,1.5万,暂无,Android 2.2.x 以上,5.58MB,2014年09月02日,2.9
网上购物-全球导购,搜布,0,宁波搜布信息科技有限公司,4.5万,暂无,Android 4.0.3 以上,24.5MB,2018年03月26日,7.1.0
网上购物-全球导购,无印良品,3,,3.6万,暂无,Android 2.1.0 以上,4.3MB,2014年09月15日,1.0
网上购物-全球导购,童装货源,0,成都星购途信息技术有限公司,1080,暂无,Android 4.2.x 以上,19.02MB,2017年12月08日,2.0.0
网上购物-全球导购,韩国中文地图,0,,8205,暂无,Android 2.2.x 以上,1.32MB,2015年12月09日,1.0
网上购物-全球导购,趣搭试衣,6,上海趣搭科技网络有限公司,8.5万,暂无,Android 4.1.x 以上,39.28MB,2017年05月19日,3.26
网上购物-全球导购,比比鲸,5,成都比比网络信息技术有限公司,975,100.00%,Android 4.0.2 以上,60.61MB,2018年04月10日,4.2.8
网上购物-全球导购,Amazon Seller,0,来自1mobile,4080,暂无,Android 4.0.2 以上,7.96MB,2016年09月23日,3.6.1
网上购物-全球导购,美囤妈妈,0,美囤妈妈（上海）电子商务有限公司,2.9万,暂无,Android 4.1.x 以上,20.77MB,2018年03月22日,2.1.9
网上购物-全球导购,侍魂1(纯净版),0,,7965,暂无,Android 2.1.0 以上,16.8MB,2016年09月03日,3.1
网上购物-全球导购,格知GUECHI,3,上海宝壳寺网络科技有限公司,4.1万,暂无,Android 4.2.x 以上,16.7MB,2016年07月08日,3.0.2
网上购物-全球导购,奥买家全球购,3,广东奥园奥买家电子商务有限公司,6.5万,48.00%,Android 4.1.x 以上,20.81MB,2018年03月21日,3.3.2
网上购物-全球导购,全球购,2,北京极美国际科技有限公司,2万,暂无,Android 4.1.x 以上,8.76MB,2016年01月18日,2.2.0
网上购物-全球导购,ELLEplus,0,北京必尔得广告有限公司,6660,暂无,Android 4.0.2 以上,22.43MB,2017年12月27日,4.2.6
网上购物-全球导购,男装品牌搭配,0,苏州联娱网络科技有限公司,5505,暂无,Android 2.2.x 以上,2.29MB,2015年07月14日,1.0.6
网上购物-全球导购,时尚图书馆,0,杨晓燕,9285,暂无,Android 2.3.2 以上,20.38MB,2017年06月14日,2.1.0
网上购物-全球导购,明盛点购,3,通付宝网络技术有限公司,1.5万,暂无,Android 4.1.x 以上,32.55MB,2018年02月22日,4.2.1
网上购物-全球导购,中国制造网采购商版,0,焦点科技股份有限公司,6690,暂无,Android 4.0.3 以上,12.99MB,2018年03月30日,4.05.00
网上购物-全球导购,铜陵论坛,0,安徽易购传媒有限公司,3765,暂无,Android 4.0.2 以上,23.47MB,2017年11月17日,1.1
网上购物-全球导购,非凡学习,0,凡学（上海）教育科技有限公司,1.6万,暂无,Android 4.1.x 以上,31.02MB,2017年12月19日,1.8.0
网上购物-全球导购,走秀奢侈品,3,深圳走秀网络科技有限公司,10.2万,67.00%,Android 4.1.x 以上,23.55MB,2018年02月02日,5.9.1
网上购物-全球导购,流行时尚交流,-2,来自互联网,1.2万,暂无,Android 2.3.7 以上,5.52MB,2015年02月04日,2.32g
网上购物-全球导购,极果,1,北京极智飞扬科技有限公司,6510,100.00%,Android 4.4.4 以上,6.89MB,2018年04月10日,2.5.3
网上购物-全球导购,innersect,30,礼高文化传播（上海）有限公司,3195,100.00%,Android 4.3.x 以上,23.88MB,2018年03月22日,1.7.3
网上购物-全球导购,掌上天津,14,天津浩洋环宇科技有限公司,7.6万,暂无,Android 4.1.x 以上,31.65MB,2017年09月14日,4.9.10
网上购物-全球导购,全球代购网,0,,1185,暂无,Android 2.2.x 以上,5.59MB,2016年08月20日,4.1.0
网上购物-全球导购,男神,0,上海弈万网络科技有限公司,2610,暂无,Android 4.0.2 以上,5.78MB,2017年05月02日,1.3.0
网上购物-全球导购,VOGUE MINI,1,北京风华创想网络有限公司,2.2万,暂无,Android 4.1.x 以上,21.64MB,2018年03月30日,5.1.4
网上购物-全球导购,掌上天津,14,天津浩洋环宇科技有限公司,7.6万,暂无,Android 4.1.x 以上,31.65MB,2017年09月14日,4.9.10
网上购物-全球导购,秘卷,0,,1515,暂无,Android 4.0.3 以上,3.37MB,2015年12月17日,0.9.1
网上购物-全球导购,男人说,0,北京男人时空网络科技有限公司,2415,暂无,Android 2.3.2 以上,8.28MB,2017年05月31日,1.1.0
网上购物-全球导购,17Track新版,1,来自Google Play,2.4万,100.00%,Android 4.0.3 以上,13.27MB,2018年03月18日,3.1.880
网上购物-全球导购,PowerSchool Mobile,1,PowerSchool Group LLC,4320,100.00%,Android 4.0.2 以上,14.94MB,2017年03月16日,1.1.5
网上购物-全球导购,易物研选,422,广州易物研选网络科技有限公司,41.2万,100.00%,Android 4.3.x 以上,23.9MB,2018年02月01日,5.0.4
网上购物-全球导购,放心购,2,贵州德樽网络科技有限公司,582,100.00%,Android 4.4.4 以上,15.42MB,2018年03月19日,1.3.0
网上购物-全球导购,1626潮享购,14,广州市新元维讯广告传播有限公司,4.5万,暂无,Android 2.3.7 以上,12.66MB,2017年04月12日,3.6
网上购物-全球导购,上品折扣,1,北京市上品商业发展有限责任公司,2610,100.00%,Android 4.0.3 以上,22.09MB,2018年03月29日,1.2.4
网上购物-全球导购,男人街,-2,男人街,4.2万,暂无,Android 2.1.0 以上,2.78MB,2014年09月02日,3.0
网上购物-全球导购,瓦拉淘,0,深圳市瓦拉网络技术有限公司,1.3万,暂无,Android 4.0.3 以上,9.3MB,2016年12月02日,2.3.1
网上购物-全球导购,Hai360海外购,21,深圳市淘海科技有限公司,7.8万,83.00%,Android 4.0.2 以上,4.29MB,2016年06月22日,2.73
网上购物-全球导购,人人砍价,0,广州微赢购投资管理有限公司,255,暂无,Android 4.1.x 以上,12.52MB,2018年03月05日,1.4.0
网上购物-全球导购,WannaFit,2,深圳市艾普科技有限公司,1215,暂无,Android 4.3.x 以上,7.67MB,2017年07月05日,2.7.9
网上购物-全球导购,Beautylish,1,,2940,暂无,Android 2.2.x 以上,4.86MB,2016年08月28日,2.1.1
网上购物-全球导购,时尚搭配,4,来自互联网,4.3万,100.00%,Android 4.1.x 以上,20.05MB,2017年02月19日,3.7.10.0
网上购物-全球导购,Ebay搜索,-2,manuel86livo,9.7万,暂无,Android 2.3.2 以上,349.61KB,2014年09月02日,1.01
网上购物-全球导购,省钱日报,290,上海升霸网络科技有限公司,34.4万,100.00%,Android 4.0.2 以上,13.31MB,2017年09月05日,4.0.5
网上购物-全球导购,AzoyaClub,1,正雅（深圳）网络信息技术有限公司,2475,100.00%,Android 4.1.x 以上,11.4MB,2018年04月03日,2.0.0
网上购物-全球导购,私蜜搭,405,威旭网络科技（上海）有限公司,11.7万,100.00%,Android 4.0.3 以上,21.75MB,2017年03月16日,2.2.8
网上购物-全球导购,格格家,96,浙江格家网络技术有限公司,23.2万,100.00%,Android 4.1.x 以上,17.97MB,2017年11月07日,3.81
网上购物-全球导购,eBay助手,0,李剑源,9525,暂无,Android 2.1.0 以上,1.83MB,2014年09月20日,1.0
网上购物-全球导购,eBay Classifieds,2,eBay Classifieds Group,2.4万,100.00%,Android 2.3.7 以上,3.85MB,2015年06月11日,1.7.0
网上购物-全球导购,珍品网,3,北京良物珍品电子商务有限公司,5.5万,暂无,Android 4.1.x 以上,24.73MB,2018年04月02日,4.1
网上购物-全球导购,9块9包邮,0,杨悦,345,暂无,Android 2.2.x 以上,603.52KB,2015年06月02日,4.2
网上购物-全球导购,童装批发网,0,杭州会搜科技有限公司,1.6万,暂无,Android 2.2.x 以上,1.54MB,2015年03月03日,1.0.4
网上购物-全球导购,珍品网,3,北京良物珍品电子商务有限公司,5.5万,暂无,Android 4.1.x 以上,24.73MB,2018年04月02日,4.1
网上购物-全球导购,网络医院,2,飞雕电器集团公司,2万,50.00%,Android 4.0.3 以上,17.27MB,2017年08月23日,v3.6.5.4
网上购物-全球导购,侍魂,0,,5190,暂无,Android 4.0.2 以上,16.42MB,2016年08月25日,1.0
网上购物-全球导购,海淘贝,0,济南贝美信息技术有限公司,1049,暂无,Android 2.3.2 以上,16.21MB,2018年03月05日,3.8.3
网上购物-全球导购,我在哪儿,2,NUUA INC.,2万,暂无,Android 3.0.0 以上,25.74MB,2017年04月15日,1.9.5
网上购物-全球导购,丹尼斯百货,0,,1425,暂无,Android 3.2.x 以上,20.72MB,2015年12月30日,1.1.3
网上购物-全球导购,明明分享,0,安徽千亿网络科技有限公司,705,暂无,Android 2.2.x 以上,2.76MB,2017年08月08日,1.0
网上购物-全球导购,好买手,0,山东好买手电子商务有限公司,2340,暂无,Android 2.3.2 以上,10.83MB,2017年06月20日,6.5.3
网上购物-全球导购,湖北高速ETC,0,湖北省高速公路联网收费中心,3660,暂无,Android 4.0.3 以上,17.41MB,2017年08月14日,2.2
网上购物-全球导购,天天网,105,北京天天美尚信息科技股份有限公司,32.6万,50.00%,Android 4.0.2 以上,17.77MB,2017年05月08日,3.2.9
网上购物-全球导购,待着,9,北京名仕优翔国际旅行股份有限公司,19万,100.00%,Android 4.0.2 以上,20.21MB,2015年12月10日,2.2
网上购物-全球导购,折趣Pro,208,杭州点云信息技术有限公司,173.9万,45.00%,Android 2.2.x 以上,10.08MB,2016年11月09日,2.5.1
网上购物-全球导购,义乌饰品,4,石永康,1.4万,暂无,Android 3.0.0 以上,1.03MB,2015年10月31日,1.5
网上购物-全球导购,世界经典钢琴曲大全,0,王文萍,2.2万,暂无,Android 2.2.x 以上,4.43MB,2014年09月02日,4.0.6
网上购物-全球导购,蜘点批发通,0,蜘点商业网络服务有限公司,1185,暂无,Android 4.0.3 以上,11.4MB,2018年03月14日,1.0.9
网上购物-全球导购,广东公务员资料大全,0,,956,暂无,Android 4.0.2 以上,9.16MB,2017年12月21日,V1.0
网上购物-全球导购,连卡佛,0,连卡佛百货商贸（上海）有限公司,724,暂无,Android 4.4.4 以上,21.03MB,2017年08月25日,1.6
网上购物-全球导购,闪亮时刻海淘,0,,480,暂无,Android 4.0.2 以上,16.95MB,2017年12月15日,1.0.1
网上购物-全球导购,韩巢韩国地铁,0,上海韩巢信息科技有限公司,570,暂无,Android 4.1.x 以上,5.92MB,2018年03月20日,1.1.4
网上购物-全球导购,Hotels.com,2,Hotels.com,3.5万,100.00%,Android 4.2.x 以上,25.08MB,2017年11月13日,28.1.1.3.release/28_1
网上购物-全球导购,烟悦论坛,0,,354,暂无,Android 2.2.x 以上,1.04MB,2016年12月24日,1.4
网上购物-全球导购,美洽,0,成都美洽网络科技有限公司,9150,暂无,Android 4.0.2 以上,8.17MB,2017年06月25日,3.3.6
网上购物-全球导购,冷冻批发,0,,975,暂无,Android 2.2.x 以上,1.31MB,2016年09月05日,1.1
网上购物-全球导购,进货宝,0,北京大卫之选网络科技有限公司,4905,暂无,Android 4.0.2 以上,27.27MB,2016年03月05日,1.3
网上购物-全球导购,MyAndroidTools,4,来自互联网,3.1万,暂无,Android 2.2.x 以上,2.33MB,2018年03月22日,0.11.1
网上购物-全球导购,海淘1号,1,上海子丑六合网络科技有限公司,3870,暂无,Android 4.1.x 以上,19.04MB,2018年04月04日,2.11.6
网上购物-全球导购,购呗,1,广东购呗网络科技有限公司,2355,100.00%,Android 2.3.2 以上,18.1MB,2018年02月02日,2.5.0
网上购物-全球导购,POEMS HK Pro,0,Phillip Securities Group (HK),2220,暂无,Android 2.3.2 以上,15.85MB,2018年03月22日,1.91.25
网上购物-全球导购,丝芙兰SEPHORA,0,丝芙兰上海化妆品销售有限公司,1.1万,暂无,Android 2.2.x 以上,5.58MB,2014年09月02日,2.8
网上购物-全球导购,海蜜全球购,3,多麦电子商务有限公司,14.1万,45.00%,Android 4.0.2 以上,17.99MB,2017年02月21日,5.3.5
网上购物-全球导购,格乐丽雅免税店,0,Hanwha Galleria TimeWorld Galleria Duty Free 63,3840,暂无,Android 4.1.x 以上,7.61MB,2017年08月31日,1.2.5
网上购物-全球导购,帅吧,3,帅吧网络科技（北京）有限公司,3.8万,暂无,Android 3.0.0 以上,11.09MB,2016年08月13日,3.4.0
网上购物-全球导购,找朋友kakaotalk,0,Google Play提供,1425,暂无,Android 2.3.2 以上,4.33MB,2017年11月01日,33
网上购物-商城-全球导购,从容运维,0,,873,暂无,Android 3.0.0 以上,2.46MB,2016年08月31日,1.0
网上购物-全球导购,FASHION-DU,0,延吉迪特软件开发有限公司,4950,暂无,Android 4.0.3 以上,1.29MB,2017年07月06日,1.6
网上购物-全球导购,一元淘宝,1,北京家本源文化发展有限公司,2.2万,100.00%,Android 2.3.2 以上,4.91MB,2016年09月17日,1.0.10
网上购物-全球导购,玩转韩国,212,倍喜卡科技（上海）有限公司,6.4万,99.00%,Android 2.3.7 以上,15.8MB,2017年09月18日,3.2.4
网上购物-全球导购,?? ???,0,Sungpil Jang,1.8万,暂无,Android 2.3.2 以上,9.52MB,2017年01月09日,1.0.7.0
网上购物-全球导购,麦乐购,13,北京麦乐购科技有限公司,17.8万,48.00%,Android 4.0.2 以上,28.48MB,2017年01月20日,3.3.1
网上购物-全球导购,Nemo 泰语 [免费],2,Google Play提供,5535,暂无,Android 4.1.x 以上,20.02MB,2016年02月09日,1.3.1
网上购物-全球导购,体坛周报,0,未知,3.6万,暂无,Android 1.5.0 以上,47.85KB,2014年09月02日,0.1
网上购物-全球导购,快词,2,何静,9120,100.00%,Android 3.0.0 以上,3.09MB,2016年11月25日,1.3.1
网上购物-全球导购,康是美,0,来自1mobile,1290,暂无,Android 2.3.7 以上,13.48MB,2016年09月14日,1.4.3
网上购物-全球导购,侍魂4绿色版,0,,3135,暂无,Android 2.1.0 以上,30.15MB,2016年09月01日,3.1
网上购物-全球导购,全球农产品网,0,河南省鹏博信息网络有限公司,1018,暂无,Android 4.2.x 以上,39.97MB,2018年03月30日,2.94
网上购物-全球导购,义乌小商品批发网,0,,641,暂无,Android 3.0.0 以上,10.14MB,2017年12月22日,1.1.0
网上购物-全球导购,靓妆网购,2,江苏广电数字传媒有限公司,2.7万,暂无,Android 4.0.3 以上,6.86MB,2018年03月13日,4.0.5
网上购物-全球导购,青岛地铁查询,0,,2805,暂无,Android 2.2.x 以上,5.2MB,2015年01月29日,1.0
网上购物-全球导购,PP笑话,156,雷轹文,2.3万,50.00%,Android 2.3.7 以上,5.24MB,2017年01月03日,3.9.1
网上购物-全球导购,嗨淘全球,2512,湖南快乐淘宝文化传播有限公司,743万,100.00%,Android 4.0.3 以上,10.17MB,2016年07月21日,2.4.4
网上购物-全球导购,菠萝蜜,0,,7830,暂无,Android 2.3.7 以上,3.8MB,2016年03月26日,3.0
网上购物-全球导购,剁手帮海淘,3,杭州首邻科技有限公司,1.2万,67.00%,Android 4.1.x 以上,14.9MB,2018年01月15日,2.9.3
网上购物-全球导购,手表大全,0,天时汇（北京）电子商务有限公司,6285,暂无,Android 2.3.7 以上,2.22MB,2016年02月29日,1.1.0
网上购物-全球导购,京都百货,0,,660,暂无,Android 2.2.x 以上,480.47KB,2016年08月25日,2
网上购物-全球导购,首都机场,0,上海微能电子设备有限公司,2.2万,暂无,Android 4.0.3 以上,4.6MB,2018年02月08日,3.2.1
网上购物-全球导购,360安全扫码,0,,3030,暂无,Android 4.0.3 以上,2.38MB,2017年03月17日,1.0.1
网上购物-全球导购,深圳人才市场,-3,,1.3万,暂无,Android 2.2.x 以上,2.99MB,2014年11月07日,1.1.1
网上购物-全球导购,食品批发,1,,7230,暂无,Android 2.2.x 以上,5.66MB,2015年04月01日,1
网上购物-全球导购,潮牌街,0,施恩辉,4605,暂无,Android 2.2.x 以上,448.24KB,2015年02月07日,3.1
网上购物-全球导购,新罗爱宝客免税店,3,HDC Shilla Duty Free,3510,100.00%,Android 4.0.3 以上,18.1MB,2017年07月20日,1.7.4
网上购物-全球导购,赚享客,0,深圳市桐盟会网络科技有限公司,2460,暂无,Android 4.1.x 以上,10.65MB,2017年09月07日,1.5
网上购物-全球导购,移动交通大学,1,徐墨,2.1万,暂无,Android 4.0.2 以上,36.01MB,2017年07月26日,4.1.2
网上购物-全球导购,eBay Kleinanzeigen for Germany,0,来自互联网,1710,暂无,Android 4.0.2 以上,7.92MB,2018年01月18日,7.3.6
网上购物-全球导购,易订商城,0,北京易军通科技股份有限公司,2115,暂无,Android 4.4.4 以上,9.42MB,2018年02月05日,8.1.0
网上购物-全球导购,6pm折扣,1,成都金格网科技有限公司,4650,暂无,Android 2.3.2 以上,6.07MB,2016年11月29日,0.0.61
网上购物-全球导购,海淘车,3,车多多（天津）网络科技有限公司,1.3万,暂无,Android 4.0.2 以上,7.06MB,2017年08月16日,1.5.9
网上购物-全球导购,韩国Intalk 中文 聊天,5,Smartvia,2.9万,暂无,Android 2.2.x 以上,6.12MB,2016年08月09日,1.4.1.11
网上购物-全球导购,券多多,0,吴志权,697,暂无,Android 3.0.0 以上,5.58MB,2017年09月19日,3.5.5
网上购物-全球导购,微店全球购,-1,北京口袋时尚科技有限公司,7.9万,暂无,Android 4.0.2 以上,9.98MB,2017年06月16日,3.3.2
网上购物-全球导购,国美管家,1,北京国美管家信息技术有限公司,2010,100.00%,Android 4.0.2 以上,8.8MB,2017年08月29日,1.01
